Date,Yield,ATM,R200,P200,P150,R150,R100,P100,P75,R75,R50,P50,R25,P25,Skew50,Skew100,Skew25,YieldChg_bp,RealizedVol20,YieldStdev60,Stdev_fall
2025-07-07,3.5135638994832297,72.437722758596,113.637616239533,87.502971338261,78.600250482987,103.258720503539,92.430589597118,71.33404154938499,69.064747798613,86.975227281298,81.645105673847,68.333084012719,69.4916318743,76.670324669149,-13.312021661128,-21.09654804773301,7.178692794848999,,,,False
2025-07-08,3.53695535503735,72.113864847745,113.374855690526,87.25143408613,78.339085073456,102.982799142026,92.14090836530801,71.049500962146,68.763340109387,86.677583144834,81.33849993055499,68.015852861827,69.166120360204,76.354259476091,-13.322647068727989,-21.09140740316201,7.188139115886997,2.3391455554120366,,,False
2025-07-09,3.53223703952989,72.16421393837601,113.37084394319999,87.321126212469,78.41019047561,102.98769617281,92.156704005261,71.122122885673,68.83526377104799,86.70008776393401,81.36893086097,68.084135618685,69.226783835593,76.394055862366,-13.284795242285,-21.03458111958801,7.167272026773006,-0.4718315507460158,,,False
2025-07-10,3.52793611894419,70.436690309336,111.832300973642,86.02239989544199,77.050472865643,101.434989010253,90.570668637924,69.62753507911,67.244778441796,85.086424464849,79.71904925002,66.40280025607,67.49543522266801,74.702178031262,-13.316248993950012,-20.943133558813997,7.206742808593987,-0.43009205856998634,,,False
2025-07-11,3.54200987121476,70.31599405572,111.74474546427801,85.926199095767,76.951304217992,101.338584363239,90.46629411710701,69.520330042011,67.131529314949,84.9779805031,79.60632153299301,66.283809041617,67.373608929355,74.585098510156,-13.322512491376003,-20.945964075096015,7.211489580801,1.4073752270570061,,,False
2025-07-14,3.47735563957045,72.88434541624099,115.455045556909,84.997806215368,76.418165886163,104.97319920893,93.95318876888899,69.671541559184,67.815010818645,88.347347592418,82.80758358012599,67.625950678149,69.391089323068,77.535397984275,-15.181632901976997,-24.281647209704985,8.144308661206992,-6.4654231644309945,,,False
2025-07-15,3.51022359934927,73.641303889043,116.194699300253,85.52107036429601,76.976238793977,105.70270407956001,94.681851379173,70.30084366222701,68.493521078784,89.080125686134,83.547779015302,68.350544528437,70.14300050839799,78.28516245288601,-15.197234486865,-24.381007716945987,8.142161944488024,3.2867959778819955,,,False
2025-07-16,3.53518141674114,72.733010819974,115.34986725795899,84.898655762856,76.316739240878,104.84624182039,93.811492667228,69.558575653073,67.69145353238599,88.200483868988,82.657033450241,67.490150142874,69.245140736156,77.383028733589,-15.166883307367002,-24.25291701415499,8.137887997432998,2.4957817391869863,,,False
2025-07-17,3.57640577724042,71.102834553446,113.94389458366801,83.67963033375199,75.03534552015999,103.408884473867,92.33059893200999,68.13867725454,66.175219257098,86.689448003473,81.108663478775,65.887919946836,67.60289533366699,75.79178504548,-15.220743531938993,-24.191921677469992,8.188889711813005,4.122436049927991,,,False
2025-07-18,3.59762982769566,69.443516423758,112.446722395291,82.494136031417,73.78689185637701,101.891920411767,90.783402264709,66.745811060148,64.676815616437,85.119685365749,79.509989530527,64.288444782908,65.94617369362,74.159849487751,-15.221544747618992,-24.037591204560997,8.213675794131007,2.1224050455240118,,,False
2025-07-21,3.5774400718927297,67.396922943349,110.534259297473,81.063136029506,72.279150833207,99.978253467387,88.850838150699,65.05864198916,62.854502923738,83.16686637445,77.52796812497999,62.332120473890996,63.909382551338,72.14214785680001,-15.195847651088997,-23.79219616153901,8.23276530546201,-2.0189755802930254,,,False
2025-07-22,3.53703393576261,65.674315606105,108.888240598637,79.874913537751,71.02879177470601,98.34476054459401,87.21208451486599,63.658339925807006,61.337638717006,81.515310152609,75.855226650196,60.695961553185,62.1986752386,70.441831355752,-15.159265097011001,-23.553744589058986,8.243156117151997,-4.040613613011956,,,False
2025-07-23,3.5520790656785697,64.104889277722,106.866089594437,79.866993532841,70.863470400844,96.36295541889,85.292597499497,63.199260377521995,60.636438137537006,79.640202508049,74.041311702356,59.684560482657,60.870701430814,68.720683040034,-14.356751219699,-22.09333712197501,7.849981609220002,1.504512991595952,,,False
2025-07-24,3.5699195632626504,63.328283611501995,106.20265704012101,79.279721062438,70.255418931557,95.68880299656199,84.59952722512101,62.53340913972,59.924031639319,78.932175968475,73.313261376253,58.925028208845,60.086642013543,67.96791889966799,-14.388233167407996,-22.06611808540101,7.8812768861249936,1.7840497584080683,,,False
2025-07-25,3.60719794938258,62.705431479515994,105.26837442331801,79.595960468389,70.478339525595,94.76971594547099,83.717294267235,62.594678365589,59.851236409872996,78.080901626999,72.507548290847,58.671005539071,59.631369856352,67.232714875203,-13.836542751776001,-21.122615901646007,7.601345018850999,3.7278386119929507,,,False
2025-07-28,3.6168147242472997,62.875719823804,105.44043887895799,79.713456401228,70.600940124833,94.93645696642501,83.88168110429001,62.730726708824,59.998448809646,78.24556933772699,72.673645446537,58.830578245083,59.799603934260006,67.401156340202,-13.843067201453998,-21.15095439546601,7.6015524059419874,0.961677486471979,,,False
2025-07-29,3.59246670736645,63.789824460689,106.256990613603,80.377053671765,71.28743308711199,95.76382002970601,84.725957889451,63.483888893789,60.807667702253,79.10314566407,73.549004714464,59.70081353009,60.709730363218995,68.297765516232,-13.848191184374002,-21.242068995661995,7.58803515301301,-2.4348016880849865,,,False
2025-07-30,3.59068016899228,64.029658370858,106.47819446102,80.56703246273901,71.480851551217,95.984925229403,84.949077532471,63.691325585008,61.027373366801,79.328774198046,73.778559788791,59.933572286382,60.950172503761,68.532571421013,-13.844987502408998,-21.257751947462992,7.582398917252,-0.1786538374169755,,,False
2025-07-31,3.5843678052389096,63.717102024876,106.186627005851,80.346110666706,71.250659413137,95.69347015932401,84.654946077374,63.436982102897,60.753258416422995,79.03148806228,73.476541605132,59.638007622645,60.640161730972,68.224641174156,-13.838533982487,-21.21796397447701,7.584479443184009,-0.6312363753370409,,,False
2025-08-01,3.5084342040439602,63.452989739256,105.844250113276,80.174514530265,71.06916813093,95.386038679249,84.371827552007,63.233118421229996,60.531525667799,78.756481798254,73.206860218718,59.39633315852699,60.383108461278,67.957911907418,-13.810527060191014,-21.13870913077701,7.574803446139995,-7.593360119494941,,,False
2025-08-04,3.5134985152163996,63.948753215098,106.311095581961,80.526716271538,71.43529914289,95.850060490461,84.838541819276,63.637093325766,60.966769906036,79.22780515141699,73.685542599257,59.865564429185,60.87512453232,68.446063295395,-13.819978170072005,-21.20144849351,7.570938763075006,0.5064311172439329,50.612405879653735,,False
2025-08-05,3.5261725735260097,63.304995892726005,105.732787802295,80.060441612223,70.95238300877,95.265244937991,84.24263249613199,63.106750579609994,60.396864281088995,78.622868631714,73.068405901634,59.252790256076,60.234346155905,67.814296462069,-13.815615645557997,-21.135881916521996,7.579950306163994,1.2674058309610103,50.095695795102934,,False
2025-08-06,3.51239855816997,62.98153455103,105.377757737262,79.860623448752,70.74330248615401,94.921123952605,83.907024919631,62.871604250534,60.138678216594,78.29025175448199,72.737931840041,58.966713679364,59.924113613864,67.485925254371,-13.771218160677002,-21.035420669097,7.5618116405069955,-1.3774015356039726,50.2986126749733,,False
2025-08-07,3.60232407902904,59.227453369521996,102.03275844865601,77.12878753008,67.927867931507,91.53897461719299,80.458949387626,59.792503041714,56.828948974507,74.787060735475,69.158612088422,55.398004694330005,56.183161794947004,63.812655102672,-13.760607394091998,-20.666446345912007,7.629493307724992,8.992552085907013,59.715568533273384,,False
2025-08-08,3.61517287199156,59.829948746311004,102.61092164910401,77.549722561119,68.362794395275,92.109716746784,81.02939939776101,60.270807366374,57.346099212835995,75.361636247258,69.741078789774,55.960619234424996,56.778789408075006,64.406186060686,-13.780459555348997,-20.75859203138701,7.62739665261099,1.2848792962520061,59.68897455171943,,False
2025-08-11,3.57986776941758,60.193397112217,102.914507574529,77.820697199622,68.639250619135,92.424462033892,81.356106318672,60.570417641167,57.667310445830005,75.695889824327,70.084610642481,56.306784621008006,57.141657405247,64.760469337671,-13.77782602147299,-20.785688677505007,7.618811932423995,-3.530510257398012,56.03104504261288,,False
2025-08-12,3.59812629324678,58.697953423552,101.54340836044801,76.753104918179,67.540529833509,91.04887978177699,79.964051035633,59.368264036234,56.371359066087,74.286644940299,68.64965718159,54.901255696503,55.658354873274,63.292505798971,-13.748401485087001,-20.595786999399003,7.634150925697,1.8258523829199902,55.30695890430924,,False
2025-08-13,3.57952341478384,57.789727726142004,100.637657742379,76.140874696761,66.909404769325,90.157993289632,79.079874678344,58.673450988584,55.616727124343996,73.400551051366,67.756946437922,54.072769779392,54.770505810314994,62.389628478271,-13.68417665853,-20.406423689759997,7.619122667956006,-1.8602878462939731,55.32039619441693,,False
2025-08-14,3.61913158923625,57.264059635878,100.219430055573,75.732825694857,66.493922827302,89.724759402904,78.627439967016,58.225716265398006,55.138684510877,72.93476852243,67.273861836547,53.560184522176996,54.237954973558004,61.885124800846995,-13.713677314370003,-20.401723701617996,7.647169827288991,3.9608174452409717,55.172025263178114,,False
2025-08-15,3.63904069453221,57.220463299267,100.20294995581999,75.693682758543,66.455252781665,89.699663053828,78.595531382676,58.185626770595995,55.096780895253,72.899817239762,67.235931728026,53.516149028546,54.19300558029099,61.844217324485996,-13.71978269948,-20.409904612080005,7.6512117441950025,1.9909105295960128,55.113630809508095,,False
2025-08-18,3.6854203111346697,58.109365829385,101.08493621154899,76.301983334803,67.083760477421,90.560581043223,79.44780069954501,58.877662020550005,55.847278313419004,73.754729063458,68.099572933217,54.337504846626004,55.068370831686,62.721899889806,-13.762068086591,-20.570138678995008,7.653529058119993,4.637961660245971,56.593264974538876,,False
2025-08-19,3.6930348496421397,58.64345187321,101.591343073496,76.676449733153,67.46958314548,91.062731140839,79.95119019046899,59.300723768963,56.304532588689,74.262325719888,68.614684838579,54.835559886316005,55.596453300335995,63.247414722044,-13.77912495226299,-20.65046642150599,7.650961421708004,0.7614538507469959,53.943308150143814,,False
2025-08-20,3.6442119103872397,58.314790455701,101.453534818149,75.997289945499,66.829853314236,90.92866146512,79.80126893935501,58.704416900305006,55.740835887053,74.092809485506,68.412920606676,54.326861162274994,55.173060208781,62.994587543072,-14.086059444401002,-21.096852039050006,7.821527334290998,-4.88229392549,57.45525048068194,,False
2025-08-21,3.69513387764233,57.893598918942,101.14312022058101,75.659582649529,66.48675575438901,90.599196553165,79.450417158385,58.335869228434,55.348587278085006,73.728491303287,68.03200725581,53.908726612277,54.742428808057994,62.593653329876005,-14.123280643533,-21.114547929950994,7.851224521818011,5.092196725509046,59.62490362295197,,False
2025-08-22,3.6663509440587596,57.487605440738,100.736926854592,75.386528316168,66.203468084021,90.203029021344,79.05888338767399,58.022357521314,55.007562328915,73.336229635852,67.636337963735,53.534498978892,54.343003498025,62.19221395647,-14.101838984842999,-21.036525866359987,7.849210458445,-2.8782933583570536,59.67799563346592,,False
2025-08-25,3.6663509440587596,57.487605440738,100.736926854592,75.386528316168,66.203468084021,90.203029021344,79.05888338767399,58.022357521314,55.007562328915,73.336229635852,67.636337963735,53.534498978892,54.343003498025,62.19221395647,-14.101838984842999,-21.036525866359987,7.849210458445,0.0,59.63328492699916,,False
2025-08-26,3.7097929534948197,58.049193321406996,101.596778460743,75.982582434992,66.749125931225,90.982888723674,79.759512916047,58.533829816692,55.51502081931201,73.998333556868,68.261630821259,54.050826941688996,54.879092888987,62.783616003715,-14.210803879570008,-21.225683099355003,7.9045231147279935,4.344200943606014,60.43832221954975,,False
2025-08-27,3.69514095727587,57.972988510067005,101.51547878637699,75.943915624559,66.705989229128,90.905721274268,79.68451237635499,58.48198357316299,55.456162077391994,73.923574992597,68.186505985228,53.98367688696,54.805325025731996,62.707700264716,-14.202829098267998,-21.202528803191996,7.902375238984007,-1.4651996218949748,60.82568077413363,,False
2025-08-28,3.6843751311448596,57.929836585935995,101.46789467462,75.917775856269,66.678104172018,90.86039457559701,79.640746231867,58.450319558738,55.42129215101,73.88024929509,68.143341574003,53.944931873668004,54.763431657255,62.664465080617,-14.198409700334999,-21.190426673128997,7.901033423362001,-1.0765826131010403,60.95809764253633,,False
2025-08-29,3.6925410486252197,57.890821709191,101.443480156576,75.887203101232,66.647190207905,90.831520507842,79.60829751072,58.417290679211,55.386120342606,73.846142551218,68.107547549659,53.90720547312301,54.724095906464996,62.626938291737,-14.200342076535996,-21.191006831509007,7.9028423852720024,0.8165917480360108,52.92955505118808,,False
2025-09-01,3.69709387853821,57.962573371089,101.51042948392299,75.926264381829,66.68992956194,90.89792620968399,79.67526072161199,58.467721150342,55.442895249001,73.91395767549,68.176668541737,53.971482874471,54.794169330752005,62.697662043668,-14.205185667266,-21.20753957126999,7.903492712915991,0.45528299129902194,52.93517360310247,,False
2025-09-02,3.71971253722949,58.237574169881995,101.795018170638,76.11038886192,66.880983796508,91.17176280634901,79.94318230008899,58.679429608809,55.673384747344,74.181366638615,68.445609526533,54.224609096849996,55.064506067265,62.969948168602,-14.22100042968301,-21.26375269127999,7.905442101337002,2.2618658691280213,53.13954363916804,,False
2025-09-03,3.69561379642855,58.646965368376,102.154203578578,76.40657968451599,67.183901245285,91.53794924497201,80.31807164577701,59.009197209793996,56.028695419132,74.562619123969,68.83539130399501,54.610388747017,55.471692618665,63.370251484798004,-14.225002556978012,-21.308874435983014,7.898558866133001,-2.40987408009401,53.86529131035368,,False
2025-09-04,3.6882522203652104,60.013709607463994,103.818430439022,76.609958899094,67.492464113316,93.169786550452,81.907177522654,59.52427724221,56.722620079674,76.124308117974,70.36073888131699,55.544494399991,56.656612445848005,64.839043859502,-14.816244481325988,-22.382900280443998,8.182431413653994,-0.7361576063339648,44.830361309159265,,False
2025-09-05,3.6376103200349097,59.936510012477996,103.69177075396,76.576707882461,67.45379667837,93.062145100529,81.813590265904,59.476089046321,56.667047421668,76.036055418419,70.276760896247,55.480126771522,56.584412833349,64.758493798063,-14.796634124724996,-22.337501219582997,8.174080964714001,-5.064190033030069,48.72000415709438,,False
2025-09-08,3.62506211290238,59.661408308885,103.41591278612,76.392463149175,67.262260478472,92.79352450829,81.548200769886,59.262995138846,56.434716295618,75.770156190412,70.008562030347,55.225313515643,56.313286633015004,64.48646144402,-14.783248514703992,-22.285205631039993,8.17317481100499,-1.2548207132529576,47.10623505301238,,False
2025-09-09,3.6348781630607596,59.29433051956,103.08663740581399,76.132069575136,66.993999668173,92.459845086852,81.20843352059299,58.968477785998004,56.116263122401,75.425567452479,69.65727549713999,54.879137477652,55.948253286304,64.12673768111699,-14.77813801948799,-22.239955734594986,8.17848439481299,0.9816050158379497,46.82039206679977,,False
2025-09-10,3.66075165842469,59.722439844658,103.515969409971,76.418783085784,67.292449495431,92.8782871776,81.621837044444,59.300513201304,56.478126718631,75.83964623425301,70.074780584983,55.275871333549,56.370270831928,64.550084863524,-14.798909251434004,-22.321323843140007,8.179814031596003,2.5873495363930576,46.90671816583624,,False
2025-09-11,3.66025044838231,58.117011188502005,102.007150375727,75.30635389771,66.144216965824,91.37530554813,80.11098964116199,58.034924241313,55.104828639287994,74.315176497123,68.52742934577701,53.775668903766,54.780181050034,62.971435088778996,-14.751760442011012,-22.076065399848993,8.191254038744994,-0.050121004238024014,44.99714482627369,,False
2025-09-12,3.69116787625534,58.024968665733,101.952517846844,75.230756293094,66.068812174178,91.309932894957,80.036662278143,57.955128228945995,55.020140152429,74.236549271234,68.444336688368,53.685212556851,54.686543706112,62.883652515803,-14.759124131516998,-22.081534049197003,8.197108809691002,3.091742787302998,45.73997358763419,,False
2025-09-15,3.6666538321475697,56.667907124762,100.643575118193,74.30314177746,65.112664031895,90.01821652823301,78.74803306548199,56.901531018477,53.874484623633,72.94036561897501,67.13205087392,52.427582764538,53.346253633551,61.547287731261,-14.704468109381992,-21.84650204700499,8.20103409771,-2.451404410777025,43.614596508483494,,False
2025-09-16,3.67781125669166,54.927320110956,99.011646008386,73.098405298005,63.878174172389,88.391645219238,77.113562368073,55.549940363044996,52.407304004049,71.29151778468001,65.45818150742801,50.815535199925,51.625358122023,59.837940475548,-14.642646307503007,-21.56362200502801,8.212582353525,1.115742454409041,43.72473603674053,,False
2025-09-17,3.6756373191094696,53.708997752167,97.852241879724,72.261130361821,63.022402908660005,87.242419603339,75.964072707036,54.614911512998,51.391419135273,70.134120921427,64.28494954235,49.695066813487,50.42335756030901,58.640870023931,-14.589882728863003,-21.349161194037997,8.217512463621993,-0.21739375821905327,39.89130305112082,,False
2025-09-18,3.6727560876184997,52.449550744426,96.649289870292,71.397084233251,62.141780122174,86.051706189984,74.774821235382,53.655465012616,50.349016939858,68.937456725394,63.072418079777,48.54243690509,49.182308412184,57.403695052055,-14.529981174687002,-21.119356222766008,8.221386639871,-0.288123149096986,35.37973157998919,,False
2025-09-19,3.69127292203979,52.708362860072,95.782924606119,70.686491249931,61.682578820143995,85.41460872164299,74.403429913441,53.507085504986,50.387208884642,68.715933823218,63.01306260562001,48.763633053941,49.498297702015,57.513441304382006,-14.249429551679007,-20.896344408455,8.015143602367004,1.8516834421290262,34.44595155789776,,False
2025-09-22,3.6828045131256504,51.197322251761,92.49188561396501,70.101752924921,61.191945078422,82.435386804952,71.791525299662,53.034269459780994,49.838417214374005,66.317217291059,60.857774476855006,48.013467747754994,48.395028790234,55.647430598234,-12.844306729100012,-18.757255839881005,7.252401808000002,-0.846840891413958,34.617318197967734,,False
2025-09-23,3.6707081224545304,50.252239764738,91.591735081101,69.441577018524,60.519654747021995,81.544935816576,70.901681829274,52.305456004345004,49.050802222805,65.421099580849,59.948748773766,47.147721001175995,47.464858490858994,54.718965721085,-12.801027772590004,-18.596225824928993,7.254107230226005,-1.2096390671120005,30.969776649787423,,False
2025-09-24,3.6573455980986,50.216591272058004,92.706646464535,67.205891019448,58.501127732506,82.57416003566999,71.783819984058,50.578469616023995,47.558115117957996,66.18886012489,60.552274869316,46.030686307991,46.887894365969,55.072647712853,-14.521588561325004,-21.205350368034004,8.184753346884001,-1.336252435593055,30.902966064686765,,False
2025-09-25,3.7052190166097803,50.216598435034,92.74973877022201,67.190407440589,58.488505673466,82.602168936289,71.800263622888,50.568730942942,47.549977876783,66.200541578051,60.55972190999601,46.024569597093006,46.88454442227,55.076252545074,-14.535152312903001,-21.231532679946,8.191708122804002,4.787341851118043,35.35797523122949,,False
2025-09-26,3.7282645215416204,51.044190428403,93.500104217966,67.787395338003,59.098670271166,83.346076096759,72.548641070641,51.23337624638,48.269437311935995,66.958308308263,61.3341926931,46.812279188911994,47.717193083796005,55.875923865979004,-14.521913504188007,-21.315264824261,8.158730782183,2.30455049318401,36.14139538935107,,False
2025-09-29,3.70055963504414,50.999646296344004,93.49295124430401,67.720042963988,59.029485569003995,83.34075001044799,72.539621791287,51.161127050797006,48.196246496012,66.944831877264,61.313835188415,46.741779879635,47.657054928789,55.845405277029,-14.572055308780001,-21.378494740489998,8.18835034824,-2.7704886497480263,37.59836931503505,47.219344636505596,False
2025-09-30,3.70195817206635,50.959455356141,93.459206023889,67.692404913609,59.001182890521996,83.305389020309,72.502929738162,51.130197607857,48.162615775778,66.907422397215,61.275565792588,46.704637274292,47.617247263869,55.806107031697,-14.570928518296,-21.372732130304996,8.188859767828006,0.13985370222098226,36.66103171070915,47.030742043608846,False
2025-10-01,3.67682912784306,51.001569021711,93.473195944017,67.72911293991599,59.037155967355,83.32852527451,72.533189796273,51.167482219339,48.201928572195,66.940799752761,61.311952384027,46.746615864112,47.660634482195,55.845488788665,-14.565336519915,-21.365707576934007,8.184854306470001,-2.51290442232901,36.749266747155275,47.35408481772488,False
2025-10-02,3.70002743112394,50.999659909798,93.49248481649299,67.720202938467,59.029614131467,83.340453038728,72.539455102175,51.161225840167006,48.196330684849,66.944718812006,61.313769496832,46.741847511173,47.657099706319,55.845381653626006,-14.571921985659003,-21.37822926200799,8.188281947307004,2.319830328088024,37.63135192466587,47.522687577778925,False
2025-10-03,3.67958475607461,49.918085180630996,92.423171544192,66.994859412116,58.288083040079,82.294539648188,71.504796331814,50.347801574626004,47.307820065416,65.907922743784,60.267176547089,45.754278522392,46.591679361923006,54.78091314046,-14.512898024697002,-21.156994757188002,8.189233778536995,-2.044267504932984,33.47587477713096,47.70119602219182,False
2025-10-06,3.6975845510763503,50.907758692515,93.399011470969,67.657202555533,58.965224981727,83.250239782444,72.4510709365,51.090710885692005,48.119539248595,66.85645035818601,61.224867777421,46.656985389814,47.56617975891,55.755039452196,-14.567882387607,-21.360360050807998,8.188859693285998,1.7999795001740093,33.45933443145027,45.712656523667484,False
2025-10-07,3.70710706652328,51.046350559737,93.543609806953,67.749405653412,59.059960959414994,83.388904673827,72.586125739873,51.195125267726,48.233701856483,66.99093494877,61.359906486799,46.783736547209,47.702660530422,55.891810102932,-14.576169939589995,-21.391000472147,8.189149572509997,0.9522515446929614,33.45229356646348,45.32449848878648,False
2025-10-08,3.70045479658578,51.363404017154004,93.841089742222,67.965589494183,59.28073315793,83.685593530689,72.884074670606,51.436833062821,48.497160848821004,67.291307412073,61.664639749868996,47.075449297203,48.015955271734995,56.20295246479,-14.589190452665996,-21.447241607784996,8.186997193055007,-0.6652269937499788,32.5619423262764,45.14138522666089,False
2025-10-09,3.71760157609144,51.363400247262,93.856656085197,67.959958419017,59.276133442126,83.695727278729,72.890032186663,51.433276764912,48.494189149567,67.29554111153,61.667337870416,47.073218601877,48.014733496916,56.204255147961995,-14.594119268538996,-21.456755421751005,8.189521651045993,1.7146779505659904,32.98307746585067,44.530537253613794,False
2025-10-10,3.6792727424345704,52.675505508553,95.042196379704,68.883466580799,60.219612414358004,84.887165379186,74.096431327386,52.464083613924,49.613291277729004,68.51735270099799,62.913165702568,48.302829874689,49.322237354478005,57.483479218334004,-14.610335827878998,-21.632347713462003,8.161241863855999,-3.8328833656869676,34.304889974351404,45.121210719366935,False
2025-10-13,3.65471634345471,56.964774106073,102.004705121561,65.446463678865,57.480093272482996,91.601212104572,80.433121904331,50.929428506362,49.157010168473,74.58549302602799,68.615477014451,49.422910963755996,52.222343125373996,62.643940972532,-19.192566050695007,-29.503693397969002,10.421597847158004,-2.4556398979860283,34.30880994523361,45.21905729394129,False
2025-10-14,3.58240243883396,58.551178501203,103.462403082261,66.436355779332,58.522729929466,93.07707119679,81.929131573314,52.133468619817,50.506021191658,76.096321820337,70.146978813942,50.925364952924994,53.807159805491,64.202787322622,-19.221613861017005,-29.795662953496993,10.395627517131004,-7.231390462075016,42.36428461539702,46.91661015656634,False
2025-10-15,3.5636566890923698,57.918176881202,102.82746446450899,66.057349507642,58.119486394917,92.453531794442,81.31184680992,51.66254779875,49.975728266683,75.479020035365,69.52668414090999,50.332294473301005,53.178650186423,63.576359018019,-19.194389667608988,-29.64929901117,10.397708831595999,-1.8745749741590156,42.63708960040664,46.988074227341386,False
2025-10-16,3.53353213302305,57.182704660552,101.609533360058,66.744255864877,58.674373428778,91.288722740872,80.22001820272,51.985260686913,50.088329319494,74.436743733447,68.549975932597,50.146456527645,52.677395043441,62.693784840658004,-18.403519404951993,-28.234757515806997,10.016389797217002,-3.012455606931974,43.49480267578597,47.246143385125734,False
2025-10-17,3.5476946524331,58.908130865864,103.726032912453,66.71935544247,58.814767811112,93.35810348179501,82.228125200002,52.456909928831,50.855490873793,76.405954133201,70.46946638901501,51.296450219172996,54.179513744258,64.541197828991,-19.173016169842015,-29.771215271170995,10.361684084733,1.4162519410049867,43.182851892423145,46.68866481759798,False
2025-10-20,3.52985625517183,58.235795795292006,103.095416751901,66.26297041646801,58.334751091323,92.73348545995499,81.602290408527,51.90923747121,50.250714375833,75.775101019286,69.82927217000001,50.636691863557,53.497781619495,63.886536967868004,-19.192580306443013,-29.693052937317,10.388755348373003,-1.78383972612699,43.347735081812466,46.761202954797554,False
2025-10-21,3.54688632140207,58.240532690199004,103.120106625622,66.259706923858,58.33261908032701,92.751107320529,81.61449499526401,51.90856249759,50.251075143191,75.785088076422,69.837311344946,50.63839277179,53.500994893659,63.892849361734,-19.198918573156,-29.705932497674013,10.391854468075003,1.703006623024006,44.17629130716353,46.6645565753253,False
2025-10-22,3.4375591046976304,57.750445755646005,102.514662142486,66.000872519649,58.049853151254,92.194513821021,81.09345530333,51.568289413492,49.861497527579,75.276689851077,69.337813764216,50.195041734302,53.022879945052,63.398661148013,-19.142772029913992,-29.525165889838,10.375781202961,-10.932721670443968,57.39740415230111,51.69858856364343,False
2025-10-23,3.43723270431954,56.703300636527,101.034269233707,66.48156688584899,58.390383145095,90.755825473897,79.71753174465701,51.648688623184,49.705883103352,73.944670623346,68.064724827866,49.712558359942996,52.209183212069,62.211900305556,-18.352166467923006,-28.06884312147301,10.002717093487,-0.03264003780905078,53.2408717564523,51.6945467675585,False
2025-10-24,3.45583136934224,57.214479567626,101.50893437619501,66.841942064014,58.766274813245,91.224833330989,80.187499453984,52.071544796647,50.169476740463,74.419030070973,68.547294578904,50.216669668718,52.729462104395,62.707259880841,-18.330624910186003,-28.115954657337006,9.977797776446003,1.8598665022699912,52.85917436514621,49.54057926807077,False
2025-10-27,3.4580490216882898,56.076817062353996,98.79851664771599,69.761401866486,61.301188194295,88.642192812013,77.817532333759,53.992564175971,51.550745214252,72.209173422429,66.56111815210001,50.795597885159005,52.368520871963995,61.052911540004,-15.765520266941003,-23.824968157788007,8.684390668040002,0.22176523460499808,52.8689321590315,49.52943213483237,False
2025-10-28,3.43022129885652,53.980492470642,96.773189631206,68.381462514819,59.868718118164004,86.638443350805,75.817710815778,52.390508109838,49.790343953319,70.199249536002,64.529329004669,48.848266978869006,50.29333366996,58.987554591755,-15.681062025799989,-23.427202705939997,8.694220921795,-2.782772283176982,52.89520377023891,49.74951174168905,False
2025-10-29,3.4250839837238,54.609385696544,96.05045334680999,71.451177376439,62.691999822478,86.015388456946,75.370958213376,54.894126699397,52.033497585801,69.891458212919,64.420243735488,50.668812868989995,51.517020082531,59.17403700483,-13.751430866498005,-20.476831513979,7.657016922299,-0.5137315132719866,52.79253561761984,49.69068799738705,False
2025-10-30,3.4457341619013198,53.792982110219995,95.305692921167,70.875819816579,62.102567608575,85.266371955745,74.612515636764,54.249824612585996,51.336127870109,69.123734533133,63.638513368144004,49.90658035731499,50.707615037572,58.373793501063,-13.73193301082901,-20.362691024178005,7.666178463491001,2.0650178177519685,52.570729676361104,46.15144949250441,False
2025-10-31,3.43842382360484,53.432319711428,94.962558016929,70.628168969677,61.847777540014,84.925963255274,74.27167316925001,53.969986896139,51.032240966186,68.78041293883099,63.290489457822005,49.572918788717004,50.35151991004901,58.018956776789,-13.717570669105001,-20.30168627311101,7.66743686673999,-0.7310338296479646,52.521335075099024,46.04784347327918,False
2025-11-03,3.4669408710506797,52.959228424321005,95.013848088154,69.359460723989,60.664665030432005,84.936317807119,74.21274355481799,52.884465426617,50.021147183424,68.667229987936,63.099828388528,48.688361576211996,49.663951104894,57.71375580827,-14.411466812316007,-21.328278128200992,8.049804703376005,2.8517047445839605,53.44421748205034,45.9897887209484,False
2025-11-04,3.4400810228339305,53.440438473591,95.445228580711,69.697709858516,61.009994127281004,85.373041215499,74.656902391674,53.261823391266,50.430666641723,69.117516168435,63.558930928219,49.137781816978,50.141943563139,58.184425799166995,-14.421149111241,-21.395079000407996,8.042482236027993,-2.685984821674925,53.10245562789945,46.07529774912963,False
2025-11-05,3.4848039468114504,53.919188852646,95.94816264510901,70.009583314839,61.334044878620006,85.85530347421201,75.126755842225,53.622940771446,50.826424207437,69.585326953273,64.02827273164,49.576059952252,50.612351800715004,58.65871149858901,-14.452212779387999,-21.503815070778998,8.046359697874003,4.472292397751998,56.95375820678736,46.957172790954864,False
2025-11-06,3.4591944755161004,52.321658844307,94.408321094283,68.930039350214,60.223130041901,84.3342359439,73.609453050593,52.39802042027,49.490345158358004,68.059673839507,62.484247796186004,48.101626312944,49.034929479979006,57.086424546943,-14.382621483242005,-21.211432630323003,8.051495066963994,-2.5609471295350072,56.18990988116169,46.412918787489886,False
2025-11-07,3.46857785356222,55.13576139017599,95.855790768841,73.196483895209,64.31073116466,85.859235470275,75.302401330809,56.354502414332,53.36881685836799,69.897852720133,64.537065785338,51.802088926653,52.355478137958,59.456632376249004,-12.734976858685002,-18.947898916477,7.101154238291002,0.9383378046119439,55.879890813819834,46.244072672142636,False
2025-11-10,3.47589126054637,54.910655310447005,95.651456401552,73.029867232039,64.140735508442,85.654477491976,75.095181644334,56.17058447545401,53.171656691913,69.687876937373,64.32282934054099,51.589081713220004,52.131281116825996,59.236703095181,-12.733747627320987,-18.92459716888,7.105421978355004,0.7313406984150284,55.964283147837406,45.148145753779694,False
2025-11-11,3.3872059615815497,55.280666705957,95.40761111295201,74.244788610326,65.26308866530199,85.479433446486,75.012663426206,57.179187455644,54.093520190259994,69.670251701405,64.393057385966,52.374362654218,52.717532354319005,59.431391963597,-12.018694731748006,-17.833475970562006,6.713859609277996,-8.868529896482036,58.659884065046676,48.33716861183632,False
2025-11-12,3.39270306839212,56.323699656266,96.374363800227,74.99874841652,66.03618812283,86.443433265585,75.984568296637,58.019061631369,54.995181421104995,70.653324951598,65.393949925497,53.350436731251,53.749645165979004,60.455643314968,-12.043513194245996,-17.965506665267995,6.705998148988996,0.5497106810570251,58.79836820135651,47.513288365077536,False
2025-11-13,3.42185202694358,56.594933386419996,94.322944924019,79.16417576286699,69.793600762683,84.56868698657101,74.419288422149,61.207698861449,57.738535042832,69.331052306437,64.418367454426,55.435561080743,54.946724736543,59.990246570960004,-8.982806373683005,-13.211589560699991,5.043521834417007,2.914895855146016,59.671393644426374,46.635988168840555,False
2025-11-14,3.51011271571315,59.819704808354,97.293574868234,81.61720926974401,72.301699670869,87.52290924806199,77.40324302532,63.89539943924,60.585486290623,72.357136299145,67.508924315122,58.472465067349,58.134322016812,63.159620687778,-9.036459247773003,-13.507843586079993,5.025298670966002,8.826068876956983,68.12203165505161,50.08034500523261,False
2025-11-17,3.47686973322819,60.397876685229,97.77417718671501,82.075545726315,72.76731273782,88.01964613188501,77.920050702581,64.390403289397,61.106928283549,72.887447256891,68.055772153223,59.024707222717,58.709476348851,63.724565241445,-9.031064930506005,-13.529647413183994,5.015088892594001,-3.324298248496005,68.81660517018807,50.46840977414008,False
2025-11-18,3.45969338720859,60.860054557802,98.168214148484,82.447366003894,73.145488546232,88.421349855388,78.334218010605,64.792134223079,61.529169062703,73.311234595434,68.492092752964,59.47011031842099,59.171073699989,64.175311700126,-9.021982434543006,-13.542083787525996,5.004238000137001,-1.717634601959972,68.59001483546625,49.59925947943378,False
2025-11-19,3.4773348031379796,61.142357174186,98.437905417366,82.658069824335,73.362860801039,88.686644869125,78.599919749495,65.02699986681,61.778447381179,73.579642593275,68.765089356898,59.735871792612,59.449662193894,64.453974835095,-9.029217564286,-13.572919882685,5.004312641200997,1.7641415929389392,56.57315685832298,49.749033638076426,False
2025-11-20,3.4614925399248,60.877451804389004,98.185578472053,82.460031296149,73.158624532852,88.438187594565,78.350882251206,64.80641159743399,61.544371525215006,73.327982526522,68.509048731611,59.486373335799,59.18818150967,64.192548590218,-9.022675395812001,-13.54447065377201,5.004367080547993,-1.5842263213179386,56.92437419850173,49.790994069772765,False
2025-11-21,3.43383262293288,61.326328349385,98.555298639004,82.821875373284,73.526160543583,88.820868994359,78.74974571076399,65.196463378,61.954237361318,73.737709405705,68.93206687248801,59.918700805328996,59.636331811321995,64.630207045757,-9.013366067159012,-13.553282332763985,4.993875234435009,-2.7659916991920053,57.4166521801692,49.96689400770329,False
2025-11-24,3.4596424656572102,59.954270600492,97.360843990262,81.733783676488,72.416754539814,87.61105512346501,77.508913546099,64.014338749149,60.709420545879006,72.471012171072,67.63082905159,58.60276145540001,58.26930801892,63.288962366814,-9.028067596189992,-13.49457479694999,5.019654347893997,2.5809842724330068,58.202786934117334,50.31665253229001,False
2025-11-25,3.42300021816557,58.846438467903006,96.335411653088,80.899188974117,71.560707325943,86.591190693571,76.478834492653,63.093874514011,59.733264907552,71.426759479311,66.56524556116901,57.561076580743,57.17570562290901,62.197935301452,-9.004168980426009,-13.384959978641994,5.022229678542992,-3.6642247491640134,58.84391454886487,50.44528872824138,False
2025-11-26,3.3996686569406096,56.296509582927,94.03345391004301,78.943761147145,69.567587037853,84.285903607923,74.137832192761,60.964439072619,57.479829328106,69.047369913195,64.130129711073,55.157917710999996,54.65327341736,59.695862367869,-8.972212000073,-13.173393120141995,5.042588950509,-2.3331561224960495,59.391646103895305,50.43309073538587,False
2025-11-27,3.43601758823137,54.457421279971996,92.41857063788699,77.510156125287,68.116699886563,82.655231023626,72.471705675014,59.425177978518,55.854214049229995,67.349187173835,62.386807678967,53.424012515993,52.831409212227996,57.897959764039,-8.962795162974004,-13.046527696495993,5.066550551811005,3.6348931290760333,60.412795344175244,51.13386286286432,False
2025-11-28,3.4208458467649403,53.435709302205005,88.86408439174801,80.700540550878,70.87267196951899,79.31531021513,69.469701060578,61.550945527839,57.492792269725,64.602887285155,60.005814602684005,54.36044007542,52.821281364719006,56.066057631248,-5.6453745272640035,-7.918755532739006,3.2447762665289943,-1.5171741466429634,60.59475453874035,50.267352104883685,False
2025-12-01,3.4287937338320598,53.697124087674,89.09692175918299,80.910390459084,71.083958865186,79.547644321675,69.705740898944,61.772150625391006,57.724194967331,64.843492596922,60.253328515246004,54.605438052629,53.078837182646,56.321942657094,-5.647890462617006,-7.933590273552994,3.243105474448001,0.7947887067119463,59.704625549249606,50.28723274395152,False
2025-12-02,3.41843697746464,53.697125757445,89.087714188984,80.915009570423,71.087649115178,79.54155221030801,69.702051480775,61.774869930113,57.726379914252,64.840811959713,60.251572639745994,54.607011410575,53.079678797057,56.321069723271,-5.644561229170996,-7.927181550661999,3.2413909262140024,-1.0356756367419617,59.07389516033482,50.23290778924993,False
2025-12-03,3.40661342471719,53.185727628112005,88.63178652968,80.502222403748,70.67284532088999,79.08727018857999,69.240823639409,61.341323022524,57.273142322488,64.370670963239,59.767832257974,54.127368417796,52.575618239276,55.820755850425,-5.6404638401780005,-7.899500616885,3.245137611149005,-1.1823552747450172,56.617555432893234,49.880807614503475,False
2025-12-04,3.39291795763096,54.208526821865,89.50966150412101,81.34469102899901,71.516303338837,79.97347321650399,70.149940577618,62.219057301518994,58.188357457598,65.30138661457501,60.729132792041,55.092984139072,53.587008121066,56.818312971095004,-5.636148652968998,-7.930883276099003,3.231304850029005,-1.3695467086229929,56.16807919545908,49.91189837249862,False
2025-12-05,3.4516644174299804,54.253783720390004,89.57275405095,81.36432424044901,71.542360627441,80.02335036934099,70.192551872317,62.252831896177,58.226548801357,65.342647089768,60.770669433518,55.135477412332,53.632323384152,56.861564357177,-5.6351920211860005,-7.9397199761399975,3.229240973025,5.874645979902038,60.23403423677367,51.06677436116813,False
2025-12-08,3.5148675678897603,58.80876925727,93.610210981538,85.053127018995,75.26188041296,84.06660936633901,74.314026169886,66.151342583794,62.300588875955,69.548057195676,65.096389919747,59.434129061102006,58.129427602143004,61.326720393716,-5.662260858644991,-8.162683586092001,3.1972927915729983,6.320315045977987,64.36367618360339,52.6991451368667,False
2025-12-09,3.4918922759320203,57.021235570844006,92.041422950502,83.600197160864,73.793743491417,82.491162998618,72.703198853854,64.610271163564,60.690693550265,67.902075618202,63.401423767631,57.738550706339005,56.36075048503,59.575907796341,-5.662873061291997,-8.092927690290011,3.215157311310996,-2.297529195773995,55.73987256361847,52.784688299630574,False
2025-12-10,3.50863762414515,58.811135386523,93.60644412268601,85.058035772373,75.26622495283999,84.064796107677,74.313778504017,66.15516215871399,62.304149803179996,69.548501733947,65.097496219105,59.437398543600004,58.13231260969199,61.328472853134,-5.660097675504993,-8.158616345303003,3.1961602434420087,1.6745348213129674,55.88970732192772,52.94101672226494,False
2025-12-11,3.4743583566314498,56.671403656849996,91.722127158181,83.322049895305,73.51185484979099,82.174858392851,72.38336663764,64.313226046643,60.379489142568,67.576765387881,63.067718835491,57.409494632716005,56.015936879547006,59.232268156369,-5.658224202774996,-8.070140590997,3.2163312768219967,-3.427926751370025,56.90052476505084,53.333094617695885,False
2025-12-12,3.4371710815792005,56.652292837195,91.641735944535,83.33355101999999,73.520750928783,82.110330125062,72.333077465559,64.318191774127,60.381236714784,67.533470200843,63.031728600195,57.406352295884005,56.00565132687299,59.204291448800994,-5.625376304310997,-8.014885691432,3.198640121928001,-3.718727505224928,48.69179908389086,53.58075093710059,False
2025-12-15,3.42530482336926,57.050120565351,92.28348850831901,83.253609144303,73.485268225471,82.731116942724,72.921839351148,64.357600789217,60.481157463866,68.09861437642199,63.562986482782996,57.590856688674,56.296857346545,59.683089604626005,-5.972129794108994,-8.564238561930992,3.3862322580810016,-1.1866258209940472,47.54625653798345,53.596740054051786,False
2025-12-16,3.4604776313810195,56.848953197450996,92.141667477068,83.073310391962,73.306845298186,82.576868883559,72.754656014343,64.174618502108,60.292315225047,67.923716554312,63.379090008161,57.394418143060996,56.094681138941,59.489490476643,-5.984671865100005,-8.580037512234995,3.394809337702,3.517280801175948,49.02272487766481,54.17508265845997,False
2025-12-17,3.3796267215538003,55.099275465401995,90.54377327260501,81.68672834304299,71.902948060207,80.994135905924,71.155293702492,62.695240865553,58.741053361908996,66.297607249504,61.711393984717,55.751527707904,54.370489298047,57.771754966242,-5.9598662768129955,-8.460052836939006,3.401265668195002,-8.08509098272192,56.26400815986291,56.418725781482514,False
2025-12-18,3.4189775702786203,52.865040015769004,88.62918895747401,79.85220040682601,70.064856129506,79.058520024571,69.168182875939,60.779691038626,56.741875541617,64.263293418881,59.610796749637,53.640861669105995,52.159994589929994,55.592723991383004,-5.969935080531002,-8.388491837312998,3.4327294014530096,3.9350848724819976,58.21558009760868,56.106151105309436,False
2025-12-19,3.43345093443703,53.056650306099,88.78089709528899,80.010579868119,70.225861165379,79.210772738404,69.32600381613,60.949338340104,56.919268047345,64.426819538036,59.782623336671,53.827583852021995,52.353426987580995,55.775037167997,-5.9550394846490065,-8.376665476025998,3.4216101804160033,1.447336415840983,57.683189812983706,55.9519223427528,False
2025-12-22,3.43027037832222,52.496247642304,88.316228384382,79.54761585088,69.760692350237,78.74125425752301,68.841900545136,60.463750172209,56.412437559279994,63.928979818356,59.265194575546,53.292930580696996,51.795148058958006,55.233617797629,-5.972263994849001,-8.378150372927003,3.438469738670996,-0.31805561148101624,56.8737162025722,55.750617024163056,False
2025-12-23,3.4334919486187903,52.550313337214,88.366399170227,79.590155271882,69.803585296917,78.790593977191,68.891434544046,60.508802417953,56.459709957013004,63.979219758105,59.316661142973004,53.343198279879005,51.848243220027,55.286661089301,-5.973462863093999,-8.382632126093007,3.438417869273998,0.3221570296570331,55.343553967665294,55.76011312036491,False
2025-12-24,3.44520543484996,52.550316876728,88.376621029378,79.58508321153799,69.799533147194,78.797348891414,68.895520151391,60.505813482806,56.457305330924,63.982187434568004,59.318606327413995,53.341464059293,51.847316317564,55.287631531264005,-5.977142268120993,-8.389706668585,3.4403152137000035,1.1713486231169856,54.734687124426166,55.688375068704424,False
2025-12-25,3.44520543484996,52.550316876728,88.376621029378,79.58508321153799,69.799533147194,78.797348891414,68.895520151391,60.505813482806,56.457305330924,63.982187434568004,59.318606327413995,53.341464059293,51.847316317564,55.287631531264005,-5.977142268120993,-8.389706668585,3.4403152137000035,0.0,53.23381072916551,55.409169455026934,False
2025-12-26,3.44520543484996,52.550316876728,88.376621029378,79.58508321153799,69.799533147194,78.797348891414,68.895520151391,60.505813482806,56.457305330924,63.982187434568004,59.318606327413995,53.341464059293,51.847316317564,55.287631531264005,-5.977142268120993,-8.389706668585,3.4403152137000035,0.0,52.91440203357806,55.31225636770101,False
2025-12-29,3.41702911832277,52.339861126717,88.167629788469,79.426303154703,69.638036643025,78.596244336711,68.697243583372,60.33451272158101,56.276584099742,63.782663371179,59.115676383435996,53.148172457392,51.641905760323,55.079863420008,-5.967503926043996,-8.362730861790993,3.4379576596850043,-2.8176316527189993,53.850439713793776,55.34067259250147,False
2025-12-30,3.4133325233905296,52.341342345536,88.165674913446,79.42912538737201,69.640537121915,78.59539584961101,68.697268798713,60.336726478234006,56.278668257951004,63.783071554039005,59.116451113276,53.15011970226799,51.643665941302,55.080999634685,-5.966331411008007,-8.360542320478991,3.437333693383003,-0.36965949322405045,53.741984743334214,55.26206732766977,False
2025-12-31,3.40105457541117,52.306210750176,88.126035459649,79.406217150613,69.616321106545,78.558451232781,68.661965461736,60.310070752971995,56.250036196301,63.748100746858995,59.081445819725005,53.118948848023,51.609957018958994,55.045736419128005,-5.962496971702002,-8.351894708764007,3.435779400169011,-1.227794797935955,53.75519808105825,55.28172573104905,False
2026-01-01,3.40105457541117,52.306210750176,88.126035459649,79.406217150613,69.616321106545,78.558451232781,68.661965461736,60.310070752971995,56.250036196301,63.748100746858995,59.081445819725005,53.118948848023,51.609957018958994,55.045736419128005,-5.962496971702002,-8.351894708764007,3.435779400169011,0.0,53.521117799247726,55.09984603603239,False
2026-01-02,3.41650649419773,52.486581713051,88.297631733191,79.546031444373,69.757698204563,78.725834686336,68.828886536373,60.459053585241996,56.406659902257,63.91691344158001,59.253931825403996,53.285859079809995,51.786676726905,55.223090746692996,-5.968072745594,-8.36983295113101,3.436414019787996,1.5451918786559826,49.30201082173322,54.82355145716933,False
2026-01-05,3.40614116238419,51.63858661256501,87.546996163633,78.85403499126001,69.064499931069,77.97771855334601,68.069484378385,59.736771521739,55.652338964387006,63.142723860638,58.456632456655,52.487866385033,50.94856874716601,54.396533125825,-5.9687660716219995,-8.332712856645998,3.4479643786589946,-1.0365331813539935,42.952595389979955,54.677421509298405,False
2026-01-06,3.39569100741912,49.980157375807,86.07898290884,77.518743494372,67.729672414794,76.51071736688,66.578716987276,58.347150532135004,54.199158906263996,61.622981076754996,56.892168158556,50.944720081431,49.317967797361,52.776167536704,-5.947448077124996,-8.231566455140992,3.4581997393430015,-1.0450154965069736,42.501996726833276,52.82140693394194,False
2026-01-07,3.3737120484607,49.114700409202,85.297858518218,76.824707378569,67.036193646207,75.73662918605001,65.79741726633,57.625596783218,53.444416123886995,60.828559839007006,56.075727847537,50.142170778360004,48.467979115895,51.930859124941,-5.933557069176999,-8.171820483112,3.4628800090460032,-2.197895895842006,42.118235476350854,52.86641705089374,False
2026-01-08,3.37748423087163,49.980159018037,86.063481564856,77.526345035197,67.735722031788,76.50052872678,66.57259199587,58.351597006971,54.202735326101,61.618545722984,56.889268710201996,50.947305981665004,49.319358250869996,52.774724793332,-5.941962728536993,-8.220994988899001,3.455366542462002,0.3772182410930025,40.96918948889643,52.58378106867599,False
2026-01-09,3.3511369432550597,48.706680098528,84.918880834834,76.502418549276,66.71352339078301,75.36478082873,65.425157722784,57.289050077716,53.091766955396004,60.451346671475,55.68917767933,49.766199365032,48.068415370357,51.53153707227,-5.922978314298,-8.136107645067995,3.4631217019129963,-2.634728761657046,40.00347318088628,52.68746016340885,False
2026-01-12,3.3621118498842204,48.74052430424,84.95868104863901,76.51978638289499,66.73195119998,75.40237158983899,65.461368465162,57.309843349062,53.114794081528,60.487201827148006,55.724835927707005,49.792565818015,48.098925375402004,51.56682442627,-5.932270109692006,-8.151525116099997,3.4678990508679988,1.0974906629160674,40.251477355353416,52.67821207954683,False
2026-01-13,3.3647216945892304,46.869925572636994,83.305271403692,75.003773716198,65.225952049036,73.75232036256101,63.788012384254,55.752407638185005,51.489028063768,58.782442984129,53.969103272291,48.063550205092,46.263267614925,49.744076254965,-5.905553067199001,-8.035604746068998,3.480808640040003,0.26098447050100226,37.71841392373681,52.52909308196415,False
2026-01-14,3.3515424535863896,46.870733634838004,83.295270119178,75.00962340253601,65.23071427037,73.74603030151499,63.784552405743,55.756084344996,51.49214234734,58.780159397098,53.967890996124,48.066043327586996,46.265003478188,49.743882210687005,-5.901847668537002,-8.028468060747002,3.4788787324990054,-1.3179241002840847,25.185239262600355,47.69243987966129,True
2026-01-15,3.38252786589563,45.790758505241996,82.360722688639,74.119158039766,64.351008111596,72.807835050324,62.829201267151,54.852112357157,50.551161452625,57.805082353584,52.96135941264,47.066709358135,45.203819951805,48.695451353055,-5.894650054505,-7.977088909994002,3.4916314012499967,3.0985412309240346,23.509075379270357,48.152968764141484,True
2026-01-16,3.40422243216276,46.54674226393799,83.05008625414801,74.725555370856,64.95321289648,73.487532742023,63.511567997304,55.474694964244,51.201508796673004,58.497400182788006,53.672245675328,47.760133121974,45.943408224305,49.432490013959004,-5.9121125533539995,-8.036873033059997,3.4890817896540014,2.1694566267130178,24.299423820419825,48.21069118694566,True
2026-01-19,3.3883356455209603,47.444488993452,88.11059728537201,79.299527642495,68.551260375598,77.61502345155499,66.591536920677,57.996871459362005,53.139838234345,61.002474785163,55.573066076895,49.115636386246,46.862266774672,50.744011702462004,-6.4574296906490005,-8.594665461314996,3.8817449277900025,-1.5886786641799766,24.83140763696834,48.30400754628614,True
2026-01-20,3.3947858975347205,47.976193267027995,88.592000694013,79.739300492738,68.98435627312399,78.088452864288,67.065356767271,58.439907884167006,53.60022616478,61.48279574525,56.066785102703,49.60504262416,47.384237042848,51.258363009962004,-6.461742478543002,-8.625448883103992,3.8741259671140043,0.6450252013760149,24.9492914415909,48.005673229638546,True
2026-01-21,3.38557782942223,46.876261174797,87.596316957648,78.845066526815,68.104051061951,77.105507162941,66.079257270105,57.53891124999,52.662550059364,60.482752137606,55.03930312511,48.604915028559994,46.31132603772,50.189927543306,-6.434388096550009,-8.540346020115003,3.8786015055859977,-0.920806811249042,24.533076884421963,48.0293839088703,True
2026-01-22,3.40537559397138,46.175149477226,86.980992228801,78.26442497859401,67.535411194245,76.49159237532601,65.45863881315,56.96045409626,52.062361266436,59.851409202409,54.388709868282,47.966117314964,45.626490096707,49.511164417919,-6.4225925533179975,-8.498184716890002,3.884674321211996,1.9797764549149832,25.82469393774684,48.01354622113413,True
2026-01-23,3.4451540841275503,45.588636735138,85.72937028387699,78.843608561694,68.012321905121,75.290374983707,64.337403594933,57.288214452853005,52.272144583902,58.789234326761004,53.41249148681,47.993569630301,45.37239789178201,48.677459034791,-5.4189218565089945,-7.049189142079989,3.3050611430089916,3.977849015617041,29.787613902389012,48.700405488437234,True
2026-01-26,3.46590520218353,45.66894255083,85.82010842175201,78.89177379879601,68.061117225858,75.375938288789,64.419892453939,57.34025653672,52.328102479417005,58.871206292859,53.494702341297,48.056283358025,45.444734163726,48.760035064022,-5.438418983272001,-7.079635917219001,3.315300900296002,2.0751118055979845,28.692777114697794,48.53265763869097,True
2026-01-27,3.47144035366027,45.651411119018,85.80573142165201,78.88578871146599,68.055560483586,75.35889235854201,64.400790541165,57.334394257528004,52.32128996352,58.851309163216996,53.474336389307005,48.047290960921,45.431751465501996,48.740071612288,-5.427045428386002,-7.0663962836369905,3.308320146786002,0.5535151476739664,28.6177734612583,48.22046903236521,True
2026-01-28,3.4753016281261,45.651405877997995,85.808669214343,78.88433015333001,68.054419198077,75.360784146349,64.401899600005,57.333573948724,52.320636921604,58.852101824464995,53.474848919709004,48.046820195954005,45.431495244468,48.740324533291,-5.4280287237549985,-7.068325651280993,3.3088292888229986,0.3861274465830178,28.049861427573262,47.33979841547056,True
2026-01-29,3.4473870359517504,46.798318667489,86.810600831904,79.84919277581,68.997801862586,76.358881518792,65.410947706966,58.289508409252,53.309036274956,59.879602510106,54.535666684892,49.094278348447006,46.551352627561,49.849694909305,-5.441388336444994,-7.121439297713998,3.2983422817439987,-2.791459217434955,30.207050715691476,47.395055774542705,True
2026-01-30,3.44917116606795,46.838562224542,86.84785207206,79.881939647941,69.030063527096,76.395266053103,65.447180656782,58.322490549667,53.343300549984995,59.916268106705004,54.573304529373004,49.130750745802,46.590487387969006,49.88883399144299,-5.442553783571007,-7.1246901071149935,3.2983466034739877,0.17841301161993783,29.805720324895578,47.35501796931465,True
2026-02-02,3.4467104240564304,45.917776973942,86.02856630884901,79.104570403676,68.268001543393,75.587073399565,64.63595365588,57.548618353936,52.542951622192994,59.092251367937,53.723788353587004,48.283572217090004,45.687696017424,49.000313319531,-5.440216136497,-7.087335301944002,3.3126173021070002,-0.24607420115194678,29.514322196766717,47.330051858119454,True
2026-02-03,3.4579517687826002,45.158259535553995,84.078835529103,80.21795877027401,69.207892742742,73.735624515035,62.930260718723,58.245828069783,53.054554079707,57.492581494275,52.278418731841,48.512547787129,45.475429766523,47.8099743294,-3.765870944711999,-4.684432648939996,2.3345445628769994,1.1241344726169888,29.301526670234818,43.66511417642715,True
2026-02-04,3.45026545743172,44.510058383317,83.503561473326,79.664748056422,68.667924369249,73.169022356295,62.36157837934,57.701515923045996,52.494345443403,56.914292993818,51.680855951341,47.921837458541,44.844702987411004,47.183308290353004,-3.7590184928000028,-4.660062456294007,2.3386053029419998,-0.768631135088027,28.092474195981428,43.6930092715448,True
2026-02-05,3.3782153025349,45.465193630924,84.288416301919,80.512876850509,69.489528446002,73.96328254694,63.175580338317,58.522458115691,53.335002697270994,57.749224596557994,52.550193250012995,48.803280759413,45.779992174899,48.101075933608996,-3.746912490599996,-4.653122222625996,2.321083758709996,-7.205015489681976,38.918896585994105,45.776833840316044,True
2026-02-06,3.36378388415665,46.111616030715,84.84281990857001,81.072967641418,70.035381576757,74.516022950708,63.735989379963996,59.071761696988005,53.899596979727,58.321563428379,53.143698756803005,49.397167546821,46.411446618714,48.724912093362995,-3.7465312099820025,-4.664227682975991,2.313465474648993,-1.443141837825035,38.06804253109446,41.926169163638114,True
2026-02-09,3.37733551004348,46.548092404089,85.23962251933999,81.429003742468,70.384550339725,74.906929109309,64.128436139486,59.426406388039005,54.26664197741199,58.720280220338,53.554390983493995,49.786941675703005,46.831225677865,49.152270375869996,-3.76744930779099,-4.702029751446993,2.3210446980049966,1.355162588683001,38.1717391039833,41.552820467906564,True
2026-02-10,3.38229015891573,45.759332325455,84.54904399955899,80.763454546202,69.734492003002,74.22018904644601,63.433731989968,58.769855366925,53.589818324442994,58.011889311923,52.82168586136,49.071970941866,46.066500339408,48.385653893071996,-3.7497149194940036,-4.663876623043002,2.3191535536639947,0.4954648872250278,38.19586727688102,41.44721674107599,True
2026-02-11,3.37325895113953,45.435562411419,84.258673409846,80.489472235836,69.46629685934501,73.93514468691801,63.148238198639,58.498584430211004,53.310173156543996,57.721801403738006,52.522213041448,48.776821535602,45.751456636557,48.072088550010996,-3.7453915058460012,-4.649653768427996,2.320631913453994,-0.9031207776200034,38.02136663843278,41.28700652132789,True
2026-02-12,3.3540375549631,44.934486087243,83.804791955078,80.067187756586,69.052844175476,73.491184620111,62.704947383183004,58.080306434319006,52.878871604833996,57.271973942026,52.058315260283,48.321289263958,45.264519479926996,47.586626551447004,-3.737025996325002,-4.624640948863998,2.3221070715200085,-1.922139617643026,36.94634347550472,41.34209451224774,True
2026-02-13,3.33567654092925,47.094797993887,85.678198189604,81.926739897571,70.868108616555,75.351919039244,64.586277001476,59.910550749523,54.761921455387004,59.191190440072,54.046377195443,50.303684317712,47.37342887633,49.673860644824,-3.7426928777310025,-4.675726251953009,2.3004317684940006,-1.836101403384971,36.35308040433976,41.13698505745792,True
2026-02-16,3.32665550364064,47.019479856867,85.60839522473499,81.857156239639,70.799380221612,75.286329876856,64.522571407798,59.840771553112,54.690363248434,59.126957571822,53.979994638705996,50.229407360969,47.296807218006,49.603309188655,-3.7505872777369973,-4.681799854685998,2.306501970648995,-0.9021037288610145,36.1219365827775,40.762038844381536,True
2026-02-17,3.30744693795803,47.121808777832,85.678933164065,81.96185496644,70.900144767677,75.36049319663701,64.601099072078,59.940209479957005,54.790886405432,59.208920255421,54.067137295371,50.332383139226,47.401892627713,49.697891590579005,-3.7347541561449944,-4.660889592120995,2.295998962866001,-1.920856568260998,36.3710893900109,40.286975366575334,True
2026-02-18,3.3204992636453197,46.637002922396,89.693105687074,81.43460026148699,70.068187307136,78.67899513130499,67.055018512766,58.783566197037004,53.487784716133994,61.125270159464996,55.328393974455,48.965158356672,46.237631073895,50.139969474167,-6.363235617782998,-8.271452315728993,3.9023384002720007,1.3052325687289645,36.833492395219416,40.15108470631863,True
2026-02-19,3.31447399988098,46.043506820962996,89.40522415407901,80.576123801457,69.260769238872,78.383456139869,66.73149696742699,58.018788494214,52.739634396561,60.772529188602,54.92693348416,48.23494467858,45.548829914104,49.65848805445,-6.691988805580003,-8.712708473212992,4.109658140345999,-0.6025263764339872,35.816544280723406,39.38493283113643,True
2026-02-20,3.31801842032781,45.951484792069,89.32458379085901,80.499032042956,69.18583350099901,78.30299919118801,66.650332094387,57.943265278195,52.661588798093,60.690068977188005,54.841994744597,48.151915546807,45.459292879797,49.569689717037,-6.690079197790006,-8.707066816191997,4.110396837240003,0.354442044683001,31.972369484311272,39.30480131478883,True
2026-02-23,3.30603410469682,46.031664283822,89.38750276387,80.56150006197801,69.246068971109,78.37020902124699,66.72132654002499,58.003733019486994,52.724355440085006,60.763281395561,54.917974265669,48.219688343089,45.534575417533,49.64878055672099,-6.6982859225800055,-8.717593520537996,4.114205139187995,-1.1984315630989784,30.362205347051574,39.307797256814354,True
2026-02-24,3.3154470778861502,47.078647815367,90.34582750359,81.42605703926101,70.090878830282,79.309932869755,67.65740597504801,58.860237444934,53.611886052772,61.709704823912006,55.889003787907996,49.165406646495995,46.553935642698995,50.660813916549,-6.723597141412,-8.797168530114007,4.106878273850008,0.9412973189330209,30.621470424108352,39.338061069340576,True
2026-02-25,3.32163261250368,47.078565359615,91.370437383698,79.898031384947,68.72554079889301,80.26302735860601,68.49052103619499,57.696155364833004,52.588987774623995,62.449019919801,56.48864672527,48.355775896280996,46.094980096102994,51.032771626477,-8.132870828989006,-10.794365671361987,4.937791530374007,0.6185534617529687,30.749708421380404,39.31356083366105,True
2026-02-26,3.29326286795102,47.510559891637,91.741274148519,80.254990446733,69.073156092025,80.637559785165,68.871407514511,58.04829695135,52.954546751844006,62.836802400657,56.888187879688,48.746591133098,46.516785219499,51.449794105816,-8.141596746589997,-10.82311056316101,4.933008886316998,-2.836974455266006,30.78982430383227,39.62312929332326,True
2026-02-27,3.26598028387299,48.590349828633,92.704611275766,81.129394456342,69.929094075919,81.596922770653,69.837379250802,58.920841980294,53.863302658516005,63.816439664240995,57.893988595568004,49.720604729342,47.569216315412,52.495862394998994,-8.173383866226004,-10.916537270508002,4.926646079586995,-2.728258407802997,31.32560872886909,37.906531518972706,True
2026-03-02,3.40781319715377,53.697948691199,97.470331579675,85.135513144533,73.89681341642999,86.27227800350201,74.498046026829,63.022003915202,58.161591711949,68.524661588999,62.708104179541,54.340026057277996,52.547074248156,57.474707536975,-8.368078122263007,-11.476042111627002,4.9276332888189955,14.18329132807803,62.13774004359157,46.28054437228617,False
2026-03-03,3.5604548348313303,65.019801430883,106.479227314931,95.928828709934,84.512510426992,95.311195649411,83.801465618482,73.782325541898,69.186358257377,78.119784378138,72.757210911513,65.725530175238,64.145673373152,68.150902452329,-7.031680736274993,-10.019140076583994,4.005229079177013,15.264163767756012,82.91525887597261,55.85086020117753,False
2026-03-04,3.47986663165815,60.809586989827,100.045011065435,96.22542129362499,84.389851472789,89.09463918167101,77.87540208929799,72.963455227599,67.807288852383,72.395400809839,67.321891735095,63.556875909473,60.961627519192,63.181311156576,-3.765015825621994,-4.911946861698993,2.2196836373840014,-8.058820317318016,88.274237782814,58.20214268308455,False
2026-03-05,3.5734228298760398,69.652137975185,107.64877326002801,103.684119386284,91.855211170425,96.742110126523,85.725995702098,80.688469150865,75.811505708035,80.447268748921,75.654629623347,71.93553483736899,69.693263760978,71.83001716426699,-3.7190947859780152,-5.037526551233,2.136753403288992,9.355619821788963,89.54228813495169,60.86665786750719,False
2026-03-06,3.6928314674351004,93.160466722304,127.455006864957,123.80701796987401,112.270314707837,116.96120289870301,106.749655596279,101.98838984514799,97.817932156076,102.076505151797,98.008285968864,94.727119210083,93.091209757542,94.90122960184,-3.281166758780998,-4.761265751131006,1.8100198442979973,11.940863755906062,97.036087503226,64.92414749390547,False
2026-03-09,3.8498307703091803,121.642547145275,125.580288642301,170.17390314869598,156.470041330824,119.48537828938301,115.804499610278,143.259543556495,137.033006318774,115.398953140959,116.20853224719299,131.227798220609,126.02445823935001,118.310910674515,15.019265973416012,27.455043946217003,-7.713547564835011,15.699930287407993,109.0795871915041,71.97333790548504,False
2026-03-10,3.69652855502193,103.143418969876,111.897894445906,151.88782457586402,138.241491089208,104.690642892528,99.509655242132,124.95135157555201,118.638515078149,98.310794300217,98.43147743666901,112.73881529722,107.47660735440199,100.052399290694,14.307337860550987,25.441696333420012,-7.424208063707994,-15.33022152872503,125.8484089667582,78.86536593916595,False
2026-03-11,3.90165981199617,110.357291094293,117.365296558733,158.841800497876,145.20247733802302,110.53693811623201,105.90901874908799,131.981132715188,125.72565981378399,105.01319422985401,105.397244834714,119.89021141716299,114.68084779875299,107.194192375244,14.492966582448986,26.07211396610002,-7.486655423508992,20.513125697423984,142.16624157194187,87.08316890066045,False
2026-03-12,4.0064344681370505,116.05678110066299,106.02379138251501,175.13640465491898,159.87697286709403,101.432889000203,100.592131227674,144.610940245037,137.07461963678298,102.287280333836,105.559006413377,129.704928082344,122.633113010172,110.25301149427199,24.14592166896699,44.018809017363,-12.380101515900009,10.477465614088066,143.6915920889544,89.07607170945721,False
2026-03-13,4.03789402719625,117.042355863231,106.708235207616,176.12916901781,160.861916360314,102.19906178046601,101.46580897197799,145.593135761275,138.05753368663198,103.210137880109,106.51740393090701,130.68959034130899,123.619464645281,111.23109687707799,24.172186410401977,44.127326789297,-12.388367768203011,3.1459559059199727,142.4298991592738,89.18216830624284,False
2026-03-16,3.9944353651592803,111.911390748129,103.283393665343,170.83273438956599,155.637733421283,98.32603899013701,97.00097282839499,140.415053069547,132.891635484358,98.467377057054,101.56689436136,125.53053871897801,118.46773032389801,106.157366288083,23.96364435761801,43.41408024115202,-12.310364035815013,-4.345866203696991,144.35668445613163,89.81760426650992,False
2026-03-17,3.95533616241623,104.661257336311,98.568920869639,163.309449243986,148.230941503334,92.99322893332099,90.801042085369,133.085461982185,125.58364546985499,91.83701078588,94.605795848311,118.235201484865,111.18479363704401,98.99835467437701,23.629405636553997,42.28441989681599,-12.186438962666998,-3.909920274305012,145.4861529583244,90.35912922472855,False
2026-03-18,4.0254099333099,108.316324447144,100.991183884575,167.026940253369,151.905152371704,95.715681332674,93.953586204233,136.737873568125,129.234681771624,95.203852339594,98.13451509559701,121.89020363970101,114.844737417072,102.618442860158,23.755688544104004,42.78428736389199,-12.226294556913999,7.007377089367006,145.8881067122524,91.22969489211627,False
2026-03-19,4.46162307942004,134.287053172917,118.87640904480801,193.588381636795,178.181072106493,115.86163826370999,116.928211020314,162.85118139366,155.315414853295,119.448873668647,123.31015771367099,147.960163759394,140.897752558702,128.33993387684401,24.650006045723003,45.922970373346004,-12.557818681857981,43.62131461101395,202.6926415515178,126.31057694138921,False
2026-03-20,4.654398268560421,162.619450064071,152.007992963526,222.968880406754,206.639251226232,148.13859313548602,148.047092527791,190.704989731555,183.039745965751,149.837100712204,152.92995638857602,175.705459505115,168.840394443609,157.246647252478,22.77550311653897,42.65789720376401,-11.593747191131001,19.277518914038083,207.11097095877219,131.28675395846142,False
2026-03-23,4.49902975630127,155.70686932655602,146.66156600168702,216.119920425648,199.795443865663,142.304788393044,141.679582453721,183.83731809389602,176.151839392527,143.243265443856,146.167864739833,168.796958217939,161.919262345381,150.381286326389,22.629093478106,42.15773564017502,-11.537976018991998,-15.536851225915083,220.18773750823706,135.79688215616002,False
2026-03-24,4.4768048511537994,162.540366009295,151.708057610192,223.09772146736702,206.722541919905,147.889445931597,147.849144893164,190.739029455119,183.047425574638,149.667040909218,152.789478830134,175.685471172382,168.79142308619402,157.13679871691,22.895992342248007,42.889884561955,-11.654624369284022,-2.222490514747033,221.42801468846875,135.97648675971894,False
2026-03-25,4.4182760515311,149.338717193218,141.871160641391,209.720480217312,193.42491880335402,137.04849186065,135.894421445374,177.467683331822,169.774247280084,137.225391757443,139.971884402711,162.41065461674998,155.531664820942,144.071171170453,22.438770214038982,41.573261886447995,-11.460493650489013,-5.852879962269952,224.60782779600976,136.74058035739571,False
2026-03-26,4.53928022875707,153.863370549276,145.351716383838,214.20017234769801,197.89822702991103,140.840156798492,140.043846777959,181.955953550482,174.27669606914603,141.531101275721,144.394588086062,166.928392321837,160.059998965636,148.564893524611,22.533804235775023,41.912106772523,-11.495105441025004,12.100417722597001,223.52475762363443,138.33910067046747,False
2026-03-27,4.52354387280724,152.683744220351,144.464081506275,213.018476766974,196.720899021473,139.86544788923499,138.971022216944,180.777795703643,173.096583786195,140.41536138945,143.246153866433,165.74621116295802,158.877156871609,147.395657746975,22.50005729652503,41.806773486699,-11.481499124634013,-1.5736355949830028,222.9478409924048,138.5205205283965,False
2026-03-30,4.462023450124851,146.76345917887,134.5776010808,210.605138116462,193.77850175356,130.316095257476,130.19112693630498,177.129031612078,169.002112945946,132.240035968469,135.793017154577,161.12872003558698,153.650693624289,140.71724939582,25.33570288100998,46.93790467577301,-12.933444228469,-6.152042268238933,225.07149274252885,139.36916328626717,False
2026-03-31,4.40328987415359,137.446010428584,127.985719573494,201.088006445914,184.351732196015,122.943300967586,121.88911681779,167.750008886699,159.63183527418101,123.524692351888,126.76675973900599,151.762530983897,144.295142803227,131.497413642493,24.995771244891003,45.860892068908996,-12.797729160734008,-5.873357597126017,225.1302902779672,140.13337922610222,False
2026-04-01,4.2896369799962395,124.269188608111,118.874889120235,187.637077569373,171.043338050938,112.763583446071,110.326205484257,154.514369389906,146.405437456762,111.306266045851,114.044792514167,138.534366973044,131.071688731944,118.466196070851,24.489574458877,44.18816390564899,-12.605492661092995,-11.365289415735091,227.81098619512576,142.45689628544696,False
2026-04-02,4.3203844947565395,122.896884198973,117.9950629248,186.162334506839,169.600859390461,111.768160560038,109.173270248405,153.097424684018,144.998627655371,110.07282401255101,112.744882395443,137.136712476621,129.684179242179,117.120725496708,24.391830081178,43.92415443561299,-12.563453745470994,3.074751476030002,226.95980945601914,142.4712080976451,False
2026-04-03,4.3203844947565395,122.896884198973,117.9950629248,186.162334506839,169.600859390461,111.768160560038,109.173270248405,153.097424684018,144.998627655371,110.07282401255101,112.744882395443,137.136712476621,129.684179242179,117.120725496708,24.391830081178,43.92415443561299,-12.563453745470994,0.0,225.18452860738572,142.2411043605585,False
2026-04-06,4.3203844947565395,122.896884198973,117.9950629248,186.162334506839,169.600859390461,111.768160560038,109.173270248405,153.097424684018,144.998627655371,110.07282401255101,112.744882395443,137.136712476621,129.684179242179,117.120725496708,24.391830081178,43.92415443561299,-12.563453745470994,0.0,220.41361710336534,142.27595094841445,False
2026-04-07,4.45380012898077,126.956969872573,120.851226787422,190.24048468328903,173.64755807639298,114.923007636643,112.743332383244,157.13627659978,149.043221289222,113.84707950903201,116.676043791169,141.191537262571,133.748149748321,121.144050336826,24.515493471401996,44.392944216535994,-12.604099411495,13.341563422423075,213.28699349267714,144.26286389042792,False
2026-04-08,4.123843408786279,102.47163342281,104.451672756743,165.256611030185,148.983481909151,96.722780641821,91.86422489371701,132.63414191995,124.552352882632,91.535849167602,93.201187083026,116.674573531905,109.20400459242899,96.957758520001,23.473386448878998,40.76991702623299,-12.246246072427994,-32.99567201944909,240.46980162061504,160.85460251506476,False
2026-04-09,4.18432004327786,108.11842388247001,101.905151703454,174.779079459981,157.88201765599402,95.187072188423,92.163724025187,140.798045252224,132.272192668048,93.169017055813,96.31657455915601,123.862087549685,115.722801924371,101.465816279386,27.54551299052899,48.634321227037006,-14.256985644984994,6.047663449158058,238.68881100552994,161.10979150472335,False
2026-04-10,4.204308756187,109.85334522651101,102.971351151943,176.616236796431,159.68008636887203,96.392520433492,93.593466797723,142.566685823831,134.030743362621,94.721956923416,97.96737807699,125.613472582867,117.468107969426,103.174606984297,27.646094505877002,48.973219026108,-14.293500985129,1.9988712909140283,238.5796851041137,161.1064029974526,False
2026-04-13,4.28319431767598,112.82666362860299,104.867594006561,179.66655735867798,162.687108445638,98.52734179735201,96.10397175844099,145.547393818931,137.006386897412,97.43092581853101,100.827445830523,128.589202214258,120.44603067187799,106.117651627085,27.76175638373499,49.44342206049001,-14.328379044792996,7.8885561488979405,239.0101034901358,161.54236748077264,False
2026-04-14,4.16444996814871,105.815456028455,100.479486365455,172.39768604638698,155.54125196553701,93.57447559785801,90.25069963112401,138.483710009521,129.964097116492,91.091274449365,94.110490180735,121.555560128489,113.41550670210299,99.188683072955,27.445069947754007,48.23301037839698,-14.226823629147987,-11.874434952726975,243.01474617172514,163.84367866398816,False
2026-04-15,4.15588600511789,102.363778570469,104.96867875172201,164.75525195342001,148.54152339637199,97.172544665725,92.195005499298,132.26568485887,124.229878329477,91.77314066292,93.323348747445,116.407985145581,109.007426267813,96.958810973371,23.084636398136,40.070679359572,-12.048615294442001,-0.8563963030820076,242.05727112276745,163.84003177473514,False
2026-04-16,4.1560283260075,98.94364879648299,102.786637548079,161.183031063588,145.040693770576,94.764181827032,89.40661161799001,128.81148701019998,120.787042933961,88.753323967715,90.09768866391799,112.96918408391501,105.570960322419,93.598669675383,22.871495419997018,39.40487539220997,-11.972290647036004,0.014232088961030342,181.23995227103129,163.85388979186797,False
2026-04-17,4.01202973010986,93.11937113638899,98.97827642668601,155.282942880746,139.227645084519,90.612102732393,84.633291990961,123.038777169979,115.01088336947501,83.584988159108,84.57399337505099,107.173746282715,99.749718128758,87.85292828434399,22.599752907664012,38.405485179018,-11.896789844414016,-14.399859589764041,168.97366034022554,166.8488350955782,False
2026-04-20,4.090180829895821,95.46042999286301,100.51688971299899,157.65054816742602,141.560780035574,92.280661490582,86.54629590501801,125.356245261266,117.330164355592,85.65736016192,86.79185575405901,109.501430353573,102.088691669407,90.16221064641901,22.709574599513985,38.809949356247984,-11.926481022987986,7.815109978596091,166.6986313978732,167.42860200890036,False
2026-04-21,4.19821912194766,96.703113899609,101.38644688368399,158.84900919751001,142.754732350142,93.209467895533,87.59553441157799,126.556090157014,118.538256395013,86.784454649586,87.98737304723299,110.72140510647401,103.32227279332201,91.39678096128,22.734032059241017,38.96055574543601,-11.925491832042013,10.803829205183924,172.8145643399812,168.61491185016706,False
2026-04-22,4.27012395146411,97.294130319155,96.187291323327,162.86786552008903,146.293897753462,88.54648652708799,83.963810742401,129.483810897821,121.072747361942,84.025802729502,86.34705008431,112.76673126721501,104.737640501714,90.94257935404801,26.41968118290501,45.52000015542001,-13.79506114766599,7.190482951645016,174.54338696562667,169.0487564191445,False
2026-04-23,4.32299086246524,108.213142047435,102.874309784323,174.29010819342,157.487314560927,96.06280698755101,92.87371195520001,140.517433963346,132.061033167646,93.745072513762,96.72916869754,123.733189403163,115.693986241926,101.710279030997,27.00402070562299,47.643722008146,-13.983707210928998,5.28669110011295,169.49754748373823,169.0192802437948,False
2026-04-24,4.35455708829637,110.598272777953,104.35489307372099,176.798785584808,159.946550058902,97.73296318096,94.846735640915,142.940767823777,134.472821745371,95.884130972698,99.000632038599,126.137385741673,118.091847635655,104.06046707806199,27.136753703074007,48.09403218286201,-14.03138055759301,3.1566225831130446,170.14579007946148,169.03307943507855,False
2026-04-27,4.36779951001073,109.909874835954,105.123093366844,175.376612599708,158.641037446654,98.32245714678099,95.111081568889,141.775351773849,133.392880127372,95.912115159895,98.766502959249,125.15973640709501,117.24124858110099,103.57856925906499,26.393233447846015,46.66427020495999,-13.662679322035999,1.3242421714360297,169.11939013035084,168.9940710359399,False
2026-04-28,4.428393406982821,112.172700008946,106.195318351874,177.918410258922,161.11826318766498,99.60947286503401,96.75071375496299,144.192514682728,135.78066959167398,97.760567195632,100.80270195969699,127.51614688587401,119.559317965145,105.753024358031,26.71344492617702,47.441800927765,-13.806293607114,6.059389697209028,169.36796532771925,169.2452850670055,False
2026-04-29,4.558461821102551,113.454567386648,106.29558705072,179.60413730721302,162.73946676197698,99.879880070929,97.326695494436,145.73882780799,137.28181248783198,98.53777481875599,101.78197844243101,128.962669679864,120.9358031953,106.90449500105001,27.180691237432995,48.412132313554,-14.031308194249988,13.006841411973014,169.5319376155159,170.76356975157051,False
2026-04-30,4.46465772281712,111.572103256299,105.019916000603,177.72413965855,160.876287907884,98.464817062762,95.692304077475,143.880623592331,135.420409658789,96.79017589597,99.95113865480799,127.094328524815,119.058613570714,105.031952696939,27.143189870007006,48.188319514856005,-14.026660873775,-9.38040982854309,173.5625186029304,171.31341553930878,False
2026-05-01,4.43727732160343,111.472473845065,104.962738465648,177.639053804976,160.787023485198,98.40019423686701,95.613213159385,143.787098715284,135.32479625384198,96.702632284262,99.85670070040699,126.99678733948099,118.959562180653,104.933539575224,27.140086639074,48.173885555899005,-14.026022605428992,-2.7380401213689787,173.98506043218643,171.43897322399184,False
2026-05-04,4.43727732160343,111.472473845065,104.962738465648,177.639053804976,160.787023485198,98.40019423686701,95.613213159385,143.787098715284,135.32479625384198,96.702632284262,99.85670070040699,126.99678733948099,118.959562180653,104.933539575224,27.140086639074,48.173885555899005,-14.026022605428992,0.0,173.98506043218643,171.47611709034908,False
2026-05-05,4.53568877279872,115.45318868698101,107.533074047553,181.717365220684,164.80930923337,101.291548825687,98.996147899785,147.776336155444,139.308227883484,100.34084007019099,103.68906635866,130.980994704615,122.946829040864,108.873831747762,27.291928345955,48.780188255659,-14.072997293102006,9.84114511952896,170.9989784821215,172.2481242073807,False
2026-05-06,4.375000962176459,109.842435128034,103.91830941620101,175.954523429424,159.12868312948697,97.232075960695,94.245082199183,142.145746648091,133.68761218179898,95.22608671157701,98.295208445384,125.361117733689,117.32457247738199,103.32321350164699,27.065909288304994,47.900664448908,-14.001358975735002,-16.068781062226023,133.6100005925503,176.07226948174494,False
2026-05-07,4.347258976995501,107.78968626995801,102.609640616215,173.857442650003,157.061467493912,95.759623280529,92.51475799037901,140.095552998801,131.639693449509,93.357294139666,96.31986589233,123.31136678435901,115.27102593463401,101.289921496104,26.99150089202901,47.58079500842199,-13.98110443853001,-2.774198518095883,133.08221666092135,176.1551473388235,False
2026-05-08,4.37386443978532,108.57495579999001,103.90049103440799,174.20289480468,157.461870156716,97.031630662688,93.729579668505,140.573798750916,132.170655468543,94.50071467133,97.35544121791199,123.908539925675,115.951934266737,102.19802807791801,26.553098707763013,46.844219082411016,-13.753906188818988,2.660546278981979,133.180994424885,176.0154673802733,False
2026-05-11,4.4759500662534295,110.348506565173,105.087769111825,175.966855198274,159.212081254029,98.34522799382,95.250291822564,142.32150780553198,133.92251296669,96.13317504044801,99.073136266844,125.668030851246,117.720584970002,103.960117963321,26.594894584402,47.071215982967985,-13.760467006680997,10.208562646810915,135.0492279962727,176.77690813534466,False
2026-05-12,4.571216422684119,116.62950710406199,109.127840275618,182.443953048938,165.59049810048398,102.892818708345,100.567842825288,148.637977787041,140.224997837187,101.853113662244,105.10408920467499,131.966744258404,124.018576864026,110.16934236494801,26.862655053729,48.070134961753,-13.849234499077994,9.526635643068992,129.30979014601738,177.2718617305919,False
2026-05-13,4.52711295906298,116.96363882731501,109.32297439583301,182.80128719142598,165.938691756694,103.12506947604,100.847579222564,148.979334451232,140.564015922182,102.155650447217,105.423733987427,132.304115292659,124.354644306557,110.498925195611,26.880381305231992,48.13175522866801,-13.855719110946012,-4.410346362113948,130.96808007136502,177.76846977571162,False
2026-05-14,4.4668520295193614,112.819685472304,108.529468922745,181.783820832928,164.196686621043,101.165900186322,97.49037354507699,146.449869384091,137.617019159676,98.190973272864,101.102984895276,128.931298535014,120.56768471584499,106.139748286186,27.828313639738013,48.959495839014,-14.427936429658985,-6.02609295436185,133.81882985226187,178.4551994989165,False
2026-05-15,4.5807077829251694,115.201360047885,110.106882760166,184.170753680187,166.56040608899002,102.914179716519,99.519488967033,148.805516098526,139.97595508125102,100.37338508734801,103.403780152251,131.298297138294,122.944892566929,108.503524321946,27.894516986043,49.286027131493,-14.441368244982996,11.3855753405808,123.98658583966899,179.4707605801534,False
2026-05-18,4.55233037224742,115.972539869659,110.559518199694,185.00489368302098,167.373726643308,103.43379625137,100.141670749536,149.602102153032,140.76603850006,101.05214077624399,104.129240984926,132.08291487397798,123.72408186801,109.25898571207401,27.953673889051984,49.460431403496,-14.465096155935996,-2.837741067774946,124.08726464918304,179.6309922429654,False
2026-05-19,4.5344769505909,114.13853405187301,109.39999098943699,183.10195176902099,165.503430395519,102.129775002394,98.60996094828,147.753369760307,138.922824917332,99.396508571583,102.37544212987599,130.241929966695,121.884153551261,107.448154870712,27.86648783681902,49.143408812027005,-14.435998680548991,-1.785342165652004,120.65807873983995,179.79147652075608,False
2026-05-20,4.39175350719931,110.76455278896,108.016791487923,179.19337869436,161.707406625748,100.428160199932,96.35241737180901,144.067807939031,135.294457121123,96.787264799751,99.43267013444499,126.67699613778301,118.398104623373,104.246997507969,27.244326003338017,47.715390567222,-14.151107115404002,-14.272344339159027,131.24805276333115,182.8552366450206,False
2026-05-21,4.39998611382463,105.82033654053099,111.05091961133901,183.527330064263,163.872359762544,100.849809920811,93.552382529869,143.90558290707799,133.904107750295,92.41386826991001,94.017372546058,124.031210138951,114.522187831408,98.672504779835,30.013837592892997,50.35320037720898,-15.84968305157301,0.8232606625320216,130.08896699942756,182.6138998621789,False
2026-05-22,4.36163058880666,104.239649750538,110.08404517223799,181.888814753617,162.268594919284,99.795457846774,92.317850181009,142.324557408714,132.32777990011198,91.05192664853399,92.535181203116,122.45437102418599,112.941274352821,97.11627225373199,29.919189821069992,50.00670722770501,-15.825002099089005,-3.8355525017969683,130.48020589918684,182.74638098139275,False
2026-05-25,4.36163058880666,104.239649750538,110.08404517223799,181.888814753617,162.268594919284,99.795457846774,92.317850181009,142.324557408714,132.32777990011198,91.05192664853399,92.535181203116,122.45437102418599,112.941274352821,97.11627225373199,29.919189821069992,50.00670722770501,-15.825002099089005,0.0,130.39135349582318,180.95289297696945,False
2026-05-26,4.29498958744449,100.64683544065,116.085863902961,172.745295402762,153.943652791723,104.91539397490699,95.812888293603,134.98626282981502,125.605181661809,93.16181251082901,92.78900874961501,116.49545149232301,107.984575996547,95.32149970356801,23.706442742708006,39.17337453621202,-12.663076292978985,-6.664100136217055,130.33105966197365,179.44921566443455,False
2026-05-27,4.24552432225771,96.109127217982,113.102078480147,168.038180050211,149.348551970684,101.745036341107,92.241826203744,130.460080224363,121.089266628457,89.285669224925,88.58751141606,111.971404195647,103.442182950413,90.88042823882101,23.383892779587,38.218254020619,-12.561754711591988,-4.946526518677974,120.56311998812697,178.87398151444995,False
2026-05-28,4.214783940290189,93.051396842235,110.407945640014,165.46815026468798,146.769083330537,98.97944339418501,89.29933204648299,127.821836032636,118.390475493832,86.217661454389,85.420563375316,109.182006234653,100.528358488117,87.714518962456,23.76144285933701,38.52250398615301,-12.813839525660995,-3.074038196752049,117.17132918671501,178.2888449170693,False
2026-05-29,4.15920121480647,88.006897679044,107.177318138195,160.246569192472,141.679526993504,95.56038116958199,85.44420498354299,122.81449878068999,113.394607333311,82.005158968559,80.80225231668399,104.173026861519,95.489253695944,82.786769319655,23.370774544835015,37.370293797147,-12.702484376289007,-5.558272548371956,118.07076350248018,177.33542874570733,False
2026-06-01,4.33207525850689,93.067323173695,110.496126358696,165.387591864222,146.71237907764402,99.04712008293501,89.35133597335901,127.788927929195,118.369537193964,86.262711729775,85.457912127556,109.173188744763,100.531879904602,87.74213151603999,23.715276617206996,38.437591955835984,-12.789748388562003,17.287404370042037,135.43950088191392,177.9348239362867,False
2026-06-02,4.3137279281856,92.19550699986,105.778968944982,167.302145774252,148.27436926739202,94.638784700988,85.441118101854,128.891909519254,119.166716715077,82.806187300593,82.714839768102,109.574366196601,100.396210624028,85.94006101257001,26.85952642849901,43.4507914174,-14.456149611457988,-1.8347330321290656,129.81014088569094,174.83066231056398,False
2026-06-03,4.3613679809569605,94.81098074984,107.394891922825,170.028811361366,150.93276516882798,96.365807772118,87.423803422987,131.504452164522,121.769636936745,84.993659244665,85.12298135589,112.178829877445,103.010624845501,88.502245265087,27.055848521554992,44.080648741535,-14.508379580414001,4.764005277136096,118.5434501329479,170.25324527386417,True
2026-06-04,4.33768583830766,95.606316812763,107.84072836954799,170.83239603086798,151.721029998246,96.86248212407199,88.015389874647,132.28506649648298,122.550825269036,85.654993154904,85.856043991136,112.96415363013601,103.802582856672,89.28306319604701,27.108109639000006,44.269676621835984,-14.519519660624994,-2.3682142649300353,118.4292377108695,169.15546495427694,True
2026-06-05,4.34192641910989,95.20832909786101,107.628221670917,170.464122676266,151.351486405535,96.621340152559,87.722431351271,131.910441399816,122.17150765467699,85.324623284829,85.487767753728,112.578471093703,103.409574163979,88.890545205536,27.090703339975008,44.188010048544996,-14.519028958443002,0.42405808022296654,118.01622490188613,169.06914766824784,True
2026-06-08,4.38488371550638,96.291812633342,104.03917400636301,165.408699918222,147.738902610245,94.465608574504,87.317535011007,129.838734472019,120.91226785907801,85.850643196051,86.732357274538,112.151046340116,103.797347502208,90.336489498303,25.418689065577993,42.52119946101202,-13.460858003905003,4.295729639648993,112.88104278256127,168.93727881371197,True
2026-06-09,4.33945786570595,96.291808510034,104.009120254285,165.44703632107,147.768192831772,94.442615941019,87.30040692733,129.858777018394,120.927552451049,85.836654091618,86.722257971072,112.16142831750099,103.802633318376,90.33119300771,25.439170346428995,42.55837009106399,-13.471440310665997,-4.542584980042985,107.28883999283349,169.0151863582701,True
2026-06-10,4.3715836776693395,95.38961689012001,103.47508484233299,164.47372511487202,146.824004212426,93.853319726672,86.60868914995099,128.936576494898,120.012462580808,85.07354085424501,85.889040059663,111.25056516136,102.894382225202,89.449964776723,25.361525101696998,42.327887344947,-13.444417448479001,3.2125811963389594,107.63632357885471,168.58295679732376,True
2026-06-11,4.35605454553569,94.33261866164901,102.802030772596,163.333485499681,145.71741345419102,93.13205510524,85.782982474989,127.85579628190101,118.940225423364,84.17082037362,84.90896871639,110.183543452413,101.830568962165,88.41634169392799,25.274574736023,42.07281380691201,-13.414227268237013,-1.5529132133649703,105.90057125031296,142.76061085111616,True
2026-06-12,4.2320800107048395,90.417302716587,100.34483462754301,159.361151254564,141.814757894095,90.481680905079,82.723315146259,123.989694705267,115.07381160025801,80.810313311051,81.249306177976,106.302307740347,97.92512047827599,84.562521616201,25.05300156237101,41.266379559008,-13.36259886207499,-12.39745348308503,103.96881649490945,139.03510533353017,True
2026-06-15,4.15044080198394,84.152536207673,98.462276010647,152.103859103101,135.057999948489,87.75910903819499,78.620822626811,117.592805036833,108.788741652204,75.781710644531,75.367872968176,100.072385795314,91.69687711482,78.281414777855,24.704512827138004,38.971982410021994,-13.415462336964993,-8.163920872089925,106.40302492211276,136.47291663904784,True
2026-06-16,4.18085955883977,82.149269456379,101.39489730144099,147.075980906112,130.450824578486,90.295588371617,80.46270405353899,113.502536322891,105.02410033823699,76.993618594874,75.622193405313,96.719005637293,88.901791284268,77.34686899662199,21.096812231979996,33.03983226935202,-11.554922287646008,3.041875685582962,107.90693059900865,136.62882178357867,True
2026-06-17,4.130445181507,77.914952609265,98.632431083429,142.686374291055,126.176545614454,87.423245796688,77.279204011029,109.30074860880899,100.83244519246901,73.523158738156,71.791281654952,92.515854152767,84.671518849946,73.219568879793,20.724572497815004,32.02154459777999,-11.451949970152995,-5.041437733277032,98.26357579735424,136.50292778032937,True
2026-06-18,4.15375693239926,78.31400530453499,98.88905414185399,143.049342043463,126.539623001974,87.691443072499,77.58029599233,109.66799608465,101.205088877954,73.853723814164,72.158019836918,92.896577516301,85.062457360518,73.61375331439301,20.738557679382993,32.087700092320006,-11.448704046124988,2.331175089226001,98.84114086347952,134.10460605610842,True
2026-06-19,4.2394156638596305,79.998398541762,97.74529109408601,146.403220740975,129.653645896056,86.752529849192,77.030925661865,112.497491379723,103.85913863952901,73.665343192465,72.52453403342301,95.32950576422601,87.191668068873,74.678699804994,22.804971730803004,35.466565717858,-12.512968263879003,8.565873146037095,104.166387486131,135.40752735344026,True
2026-06-22,4.1846415490136994,79.127546464208,98.03616030073599,144.927946508849,128.267581027538,86.95858153489999,77.068276521649,111.215013450077,102.63929949620099,73.54637680068,72.171253486761,94.187756819412,86.158001775776,74.044136933736,22.016503332651,34.146736928428,-12.113864842040002,-5.477411484593109,105.54560872441301,135.29369950173432,True
2026-06-23,4.13676092074188,77.08604684397,96.71332563299899,142.807541088992,126.20412632302,85.59003911025299,75.552072143024,109.188811175474,100.619159035683,71.887798432992,70.329935015355,92.163316237849,84.120742125248,72.053088467182,21.833381222493998,33.636739032449995,-12.067653658066007,-4.78806282718196,104.38690285015751,135.12648264177602,True
2026-06-24,4.09298609608987,75.12345575468,95.44423144190199,140.760678345864,124.216781619915,84.28069281843901,74.10578626326699,107.23918584729999,98.677020272169,70.305954092124,68.56941195601,90.217257899414,82.161534981914,70.143185190131,21.647845943403993,33.133399584033,-12.018349791782995,-4.377482465200977,104.10562657373845,133.46289470399424,True
2026-06-25,4.06122885499951,74.315669086255,94.88857628442,139.906705697944,123.39027440147599,83.719590200737,73.497629221667,106.435172403813,97.878292356509,69.645605026526,67.838048625686,89.418608489546,81.35819165350199,69.35293745449201,21.580559863860003,32.937543182146,-12.005254199009983,-3.1757241090359933,104.1361910513724,133.3969971666498,True
2026-06-26,4.05518768099306,74.266712552342,94.859206176253,139.864012292506,123.34608534859501,83.68885320362,73.463102972008,106.389694752532,97.831929070145,69.60754391633,67.795244223868,89.371375752441,81.309706535792,69.305571321326,21.576131528573,32.92659178052399,-12.004135214466004,-0.6041174006449879,102.58679651821544,133.3943877380445,True
2026-06-29,4.06629081213525,74.62163717521099,95.105775091518,140.24504049110502,123.71357614735699,83.93699268110099,73.731378625111,106.74524181237601,98.184134504978,69.898827214807,68.11794083098499,89.722940198026,81.663125632019,69.654044342118,21.604999367041003,33.013863187265,-12.009081289901005,1.110313114218986,78.61253805900733,133.42950427377895,True
2026-06-30,4.08595323388656,74.621626808726,95.122597797206,140.235690688086,123.703978194899,83.948496315348,73.73873359855,106.73924093536401,98.179245745655,69.904307166039,68.12137573554699,89.71874652158999,81.660719449867,69.654865235794,21.597370786043,33.00050733681401,-12.005854214072997,1.9662421751309722,79.44161204681272,130.4197951486953,True
2026-07-01,4.05947667741766,74.927879126025,95.271609497849,140.555318057414,124.018339286752,84.118171085385,73.940640653051,107.04917576137001,98.488867862222,70.131852095903,68.382372653389,90.029293224816,81.971205128785,69.94687812976899,21.646920571427003,33.108535108319,-12.024326999016012,-2.6476556468900014,76.43685007903936,111.72527145040961,True
2026-07-02,4.02591406444812,73.05055911760701,94.069971569053,138.59117642097502,122.109703192026,82.878953414754,72.573552566151,105.181078660584,96.628559362312,68.635764144794,66.711079398402,88.166180007508,80.096461374439,68.123312144865,21.455100609105997,32.60752609443301,-11.973149229574005,-3.3562612969539884,76.66420305352325,111.17338049958765,True
2026-07-03,4.03324326683269,72.340240090135,93.63360138248899,137.837866965585,121.38298733359899,82.423452673061,72.066638308621,104.46870877479799,95.920455757718,68.078595728187,66.08535466347101,87.458265347823,79.38545409194,67.436415619538,21.372910684351993,32.402070466176994,-11.949038472402009,0.7329202384569911,76.7779135338183,111.09356541769404,True
