date,bucket,reserves_pct_assets,sofr_minus_iorb_bp
2018-04-03,2018-2019,12.731,8.000
2018-04-04,2018-2019,12.609,-1.000
2018-04-05,2018-2019,12.609,0.000
2018-04-06,2018-2019,12.609,0.000
2018-04-09,2018-2019,12.609,0.000
2018-04-10,2018-2019,12.609,0.000
2018-04-11,2018-2019,12.770,1.000
2018-04-12,2018-2019,12.770,-2.000
2018-04-13,2018-2019,12.770,-3.000
2018-04-16,2018-2019,12.770,2.000
2018-04-17,2018-2019,12.770,1.000
2018-04-18,2018-2019,12.857,0.000
2018-04-19,2018-2019,12.857,-2.000
2018-04-20,2018-2019,12.857,-3.000
2018-04-23,2018-2019,12.857,-5.000
2018-04-24,2018-2019,12.857,-4.000
2018-04-25,2018-2019,12.321,-4.000
2018-04-26,2018-2019,12.321,-3.000
2018-04-27,2018-2019,12.321,-3.000
2018-04-30,2018-2019,12.321,2.000
2018-05-01,2018-2019,12.321,1.000
2018-05-02,2018-2019,11.946,0.000
2018-05-03,2018-2019,11.946,-1.000
2018-05-04,2018-2019,11.946,-3.000
2018-05-07,2018-2019,11.946,-4.000
2018-05-08,2018-2019,11.946,-3.000
2018-05-09,2018-2019,12.110,-3.000
2018-05-10,2018-2019,12.110,-2.000
2018-05-11,2018-2019,12.110,-2.000
2018-05-14,2018-2019,12.110,0.000
2018-05-15,2018-2019,12.110,4.000
2018-05-16,2018-2019,12.194,0.000
2018-05-17,2018-2019,12.194,-1.000
2018-05-18,2018-2019,12.194,-2.000
2018-05-21,2018-2019,12.194,-6.000
2018-05-22,2018-2019,12.194,-10.000
2018-05-23,2018-2019,12.075,-8.000
2018-05-24,2018-2019,12.075,-1.000
2018-05-25,2018-2019,12.075,-2.000
2018-05-29,2018-2019,12.075,-3.000
2018-05-30,2018-2019,12.055,-3.000
2018-05-31,2018-2019,12.055,6.000
2018-06-01,2018-2019,12.055,6.000
2018-06-04,2018-2019,12.055,5.000
2018-06-05,2018-2019,12.055,0.000
2018-06-06,2018-2019,12.135,-2.000
2018-06-07,2018-2019,12.135,-4.000
2018-06-08,2018-2019,12.135,-6.000
2018-06-11,2018-2019,12.135,-6.000
2018-06-12,2018-2019,12.135,-8.000
2018-06-13,2018-2019,12.289,-4.000
2018-06-14,2018-2019,12.289,-5.000
2018-06-15,2018-2019,12.289,-4.000
2018-06-18,2018-2019,12.289,-5.000
2018-06-19,2018-2019,12.289,-7.000
2018-06-20,2018-2019,11.782,-8.000
2018-06-21,2018-2019,11.782,-8.000
2018-06-22,2018-2019,11.782,-3.000
2018-06-25,2018-2019,11.782,-4.000
2018-06-26,2018-2019,11.782,-5.000
2018-06-27,2018-2019,11.568,-5.000
2018-06-28,2018-2019,11.568,-2.000
2018-06-29,2018-2019,11.568,17.000
2018-07-02,2018-2019,11.568,9.000
2018-07-03,2018-2019,11.568,5.000
2018-07-05,2018-2019,11.419,2.000
2018-07-06,2018-2019,11.419,-2.000
2018-07-09,2018-2019,11.419,-6.000
2018-07-10,2018-2019,11.419,-6.000
2018-07-11,2018-2019,11.682,-6.000
2018-07-12,2018-2019,11.682,-5.000
2018-07-13,2018-2019,11.682,-5.000
2018-07-16,2018-2019,11.682,0.000
2018-07-17,2018-2019,11.682,-3.000
2018-07-18,2018-2019,11.724,-5.000
2018-07-19,2018-2019,11.724,-5.000
2018-07-20,2018-2019,11.724,-7.000
2018-07-23,2018-2019,11.724,-8.000
2018-07-24,2018-2019,11.724,-5.000
2018-07-25,2018-2019,11.605,-8.000
2018-07-26,2018-2019,11.605,-5.000
2018-07-27,2018-2019,11.605,-7.000
2018-07-30,2018-2019,11.605,-7.000
2018-07-31,2018-2019,11.605,-2.000
2018-08-01,2018-2019,11.571,-7.000
2018-08-02,2018-2019,11.571,-4.000
2018-08-03,2018-2019,11.571,-9.000
2018-08-06,2018-2019,11.571,-9.000
2018-08-07,2018-2019,11.571,-8.000
2018-08-08,2018-2019,11.672,-7.000
2018-08-09,2018-2019,11.672,-4.000
2018-08-10,2018-2019,11.672,-5.000
2018-08-13,2018-2019,11.672,-4.000
2018-08-14,2018-2019,11.672,-2.000
2018-08-15,2018-2019,11.478,3.000
2018-08-16,2018-2019,11.478,4.000
2018-08-17,2018-2019,11.478,-5.000
2018-08-20,2018-2019,11.478,-5.000
2018-08-21,2018-2019,11.478,-5.000
2018-08-22,2018-2019,11.244,-5.000
2018-08-23,2018-2019,11.244,-1.000
2018-08-24,2018-2019,11.244,0.000
2018-08-27,2018-2019,11.244,0.000
2018-08-28,2018-2019,11.244,0.000
2018-08-29,2018-2019,11.264,-2.000
2018-08-30,2018-2019,11.264,-2.000
2018-08-31,2018-2019,11.264,2.000
2018-09-04,2018-2019,11.264,0.000
2018-09-05,2018-2019,11.324,0.000
2018-09-06,2018-2019,11.324,-1.000
2018-09-07,2018-2019,11.324,-1.000
2018-09-10,2018-2019,11.324,-1.000
2018-09-11,2018-2019,11.324,-1.000
2018-09-12,2018-2019,11.480,-1.000
2018-09-13,2018-2019,11.480,-1.000
2018-09-14,2018-2019,11.480,0.000
2018-09-17,2018-2019,11.480,5.000
2018-09-18,2018-2019,11.480,-1.000
2018-09-19,2018-2019,11.233,-3.000
2018-09-20,2018-2019,11.233,-3.000
2018-09-21,2018-2019,11.233,-3.000
2018-09-24,2018-2019,11.233,0.000
2018-09-25,2018-2019,11.233,-2.000
2018-09-26,2018-2019,10.920,-3.000
2018-09-27,2018-2019,10.920,-4.000
2018-09-28,2018-2019,10.920,5.000
2018-10-01,2018-2019,10.920,2.000
2018-10-02,2018-2019,10.920,0.000
2018-10-03,2018-2019,10.693,0.000
2018-10-04,2018-2019,10.693,-2.000
2018-10-05,2018-2019,10.693,-4.000
2018-10-09,2018-2019,10.693,-5.000
2018-10-10,2018-2019,11.083,-5.000
2018-10-11,2018-2019,11.083,-3.000
2018-10-12,2018-2019,11.083,-2.000
2018-10-15,2018-2019,11.083,1.000
2018-10-16,2018-2019,11.083,-2.000
2018-10-17,2018-2019,11.027,-2.000
2018-10-18,2018-2019,11.027,-1.000
2018-10-19,2018-2019,11.027,-1.000
2018-10-22,2018-2019,11.027,-2.000
2018-10-23,2018-2019,11.027,-3.000
2018-10-24,2018-2019,10.783,-2.000
2018-10-25,2018-2019,10.783,-1.000
2018-10-26,2018-2019,10.783,-1.000
2018-10-29,2018-2019,10.783,-2.000
2018-10-30,2018-2019,10.783,-2.000
2018-10-31,2018-2019,10.701,2.000
2018-11-01,2018-2019,10.701,2.000
2018-11-02,2018-2019,10.701,5.000
2018-11-05,2018-2019,10.701,4.000
2018-11-06,2018-2019,10.701,2.000
2018-11-07,2018-2019,10.866,-2.000
2018-11-08,2018-2019,10.866,1.000
2018-11-09,2018-2019,10.866,0.000
2018-11-13,2018-2019,10.866,0.000
2018-11-14,2018-2019,10.693,0.000
2018-11-15,2018-2019,10.693,8.000
2018-11-16,2018-2019,10.693,6.000
2018-11-19,2018-2019,10.693,4.000
2018-11-20,2018-2019,10.693,0.000
2018-11-21,2018-2019,10.450,-2.000
2018-11-23,2018-2019,10.450,3.000
2018-11-26,2018-2019,10.450,0.000
2018-11-27,2018-2019,10.450,-1.000
2018-11-28,2018-2019,10.322,-1.000
2018-11-29,2018-2019,10.322,4.000
2018-11-30,2018-2019,10.322,8.000
2018-12-03,2018-2019,10.322,3.000
2018-12-04,2018-2019,10.322,7.000
2018-12-06,2018-2019,10.283,14.000
2018-12-07,2018-2019,10.283,10.000
2018-12-10,2018-2019,10.283,2.000
2018-12-11,2018-2019,10.283,-1.000
2018-12-12,2018-2019,10.261,0.000
2018-12-13,2018-2019,10.261,1.000
2018-12-14,2018-2019,10.261,1.000
2018-12-17,2018-2019,10.261,11.000
2018-12-18,2018-2019,10.261,12.000
2018-12-19,2018-2019,10.048,10.000
2018-12-20,2018-2019,10.048,1.000
2018-12-21,2018-2019,10.048,0.000
2018-12-24,2018-2019,10.048,1.000
2018-12-26,2018-2019,9.754,4.000
2018-12-27,2018-2019,9.754,4.000
2018-12-28,2018-2019,9.754,6.000
2018-12-31,2018-2019,9.754,60.000
2019-01-02,2018-2019,9.508,75.000
2019-01-03,2018-2019,9.508,30.000
2019-01-04,2018-2019,9.508,5.000
2019-01-07,2018-2019,9.508,1.000
2019-01-08,2018-2019,9.508,2.000
2019-01-09,2018-2019,9.708,5.000
2019-01-10,2018-2019,9.708,3.000
2019-01-11,2018-2019,9.708,1.000
2019-01-14,2018-2019,9.708,0.000
2019-01-15,2018-2019,9.708,6.000
2019-01-16,2018-2019,9.813,3.000
2019-01-17,2018-2019,9.813,1.000
2019-01-18,2018-2019,9.813,2.000
2019-01-22,2018-2019,9.813,1.000
2019-01-23,2018-2019,9.557,0.000
2019-01-24,2018-2019,9.557,1.000
2019-01-25,2018-2019,9.557,0.000
2019-01-28,2018-2019,9.557,-1.000
2019-01-29,2018-2019,9.557,0.000
2019-01-30,2018-2019,9.507,-1.000
2019-01-31,2018-2019,9.507,18.000
2019-02-01,2018-2019,9.507,7.000
2019-02-04,2018-2019,9.507,0.000
2019-02-05,2018-2019,9.507,0.000
2019-02-06,2018-2019,9.674,-2.000
2019-02-07,2018-2019,9.674,-2.000
2019-02-08,2018-2019,9.674,-3.000
2019-02-11,2018-2019,9.674,0.000
2019-02-12,2018-2019,9.674,-1.000
2019-02-13,2018-2019,9.665,-2.000
2019-02-14,2018-2019,9.665,-1.000
2019-02-15,2018-2019,9.665,3.000
2019-02-19,2018-2019,9.665,0.000
2019-02-20,2018-2019,9.584,-1.000
2019-02-21,2018-2019,9.584,-1.000
2019-02-22,2018-2019,9.584,0.000
2019-02-25,2018-2019,9.584,-2.000
2019-02-26,2018-2019,9.584,-2.000
2019-02-27,2018-2019,9.610,-3.000
2019-02-28,2018-2019,9.610,18.000
2019-03-01,2018-2019,9.610,-2.000
2019-03-04,2018-2019,9.610,-2.000
2019-03-05,2018-2019,9.610,-2.000
2019-03-06,2018-2019,10.081,-2.000
2019-03-07,2018-2019,10.081,-2.000
2019-03-08,2018-2019,10.081,-1.000
2019-03-11,2018-2019,10.081,-2.000
2019-03-12,2018-2019,10.081,-1.000
2019-03-13,2018-2019,9.972,0.000
2019-03-14,2018-2019,9.972,2.000
2019-03-15,2018-2019,9.972,6.000
2019-03-18,2018-2019,9.972,1.000
2019-03-19,2018-2019,9.972,2.000
2019-03-20,2018-2019,9.521,7.000
2019-03-21,2018-2019,9.521,4.000
2019-03-22,2018-2019,9.521,0.000
2019-03-25,2018-2019,9.521,0.000
2019-03-26,2018-2019,9.521,0.000
2019-03-27,2018-2019,9.453,0.000
2019-03-28,2018-2019,9.453,3.000
2019-03-29,2018-2019,9.453,25.000
2019-04-01,2018-2019,9.453,6.000
2019-04-02,2018-2019,9.453,6.000
2019-04-03,2018-2019,9.328,7.000
2019-04-04,2018-2019,9.328,6.000
2019-04-05,2018-2019,9.328,6.000
2019-04-08,2018-2019,9.328,6.000
2019-04-09,2018-2019,9.328,5.000
2019-04-10,2018-2019,9.551,5.000
2019-04-11,2018-2019,9.551,4.000
2019-04-12,2018-2019,9.551,4.000
2019-04-15,2018-2019,9.551,7.000
2019-04-16,2018-2019,9.551,7.000
2019-04-17,2018-2019,9.386,10.000
2019-04-18,2018-2019,9.386,10.000
2019-04-22,2018-2019,9.386,6.000
2019-04-23,2018-2019,9.386,6.000
2019-04-24,2018-2019,8.792,4.000
2019-04-25,2018-2019,8.792,5.000
2019-04-26,2018-2019,8.792,6.000
2019-04-29,2018-2019,8.792,8.000
2019-04-30,2018-2019,8.792,36.000
2019-05-01,2018-2019,8.527,14.000
2019-05-02,2018-2019,8.527,15.000
2019-05-03,2018-2019,8.527,8.000
2019-05-06,2018-2019,8.527,7.000
2019-05-07,2018-2019,8.527,9.000
2019-05-08,2018-2019,8.642,8.000
2019-05-09,2018-2019,8.642,6.000
2019-05-10,2018-2019,8.642,5.000
2019-05-13,2018-2019,8.642,3.000
2019-05-14,2018-2019,8.642,4.000
2019-05-15,2018-2019,8.752,13.000
2019-05-16,2018-2019,8.752,8.000
2019-05-17,2018-2019,8.752,7.000
2019-05-20,2018-2019,8.752,4.000
2019-05-21,2018-2019,8.752,3.000
2019-05-22,2018-2019,8.843,2.000
2019-05-23,2018-2019,8.843,2.000
2019-05-24,2018-2019,8.843,2.000
2019-05-28,2018-2019,8.843,6.000
2019-05-29,2018-2019,8.989,5.000
2019-05-30,2018-2019,8.989,5.000
2019-05-31,2018-2019,8.989,14.000
2019-06-03,2018-2019,8.989,5.000
2019-06-04,2018-2019,8.989,4.000
2019-06-05,2018-2019,8.905,5.000
2019-06-06,2018-2019,8.905,5.000
2019-06-07,2018-2019,8.905,4.000
2019-06-10,2018-2019,8.905,4.000
2019-06-11,2018-2019,8.905,3.000
2019-06-12,2018-2019,9.168,2.000
2019-06-13,2018-2019,9.168,0.000
2019-06-14,2018-2019,9.168,0.000
2019-06-17,2018-2019,9.168,6.000
2019-06-18,2018-2019,9.168,4.000
2019-06-19,2018-2019,9.067,1.000
2019-06-20,2018-2019,9.067,1.000
2019-06-21,2018-2019,9.067,2.000
2019-06-24,2018-2019,9.067,4.000
2019-06-25,2018-2019,9.067,6.000
2019-06-26,2018-2019,8.680,8.000
2019-06-27,2018-2019,8.680,7.000
2019-06-28,2018-2019,8.680,15.000
2019-07-01,2018-2019,8.680,7.000
2019-07-02,2018-2019,8.680,16.000
2019-07-03,2018-2019,8.384,21.000
2019-07-05,2018-2019,8.384,24.000
2019-07-08,2018-2019,8.384,13.000
2019-07-09,2018-2019,8.384,10.000
2019-07-10,2018-2019,8.649,11.000
2019-07-11,2018-2019,8.649,6.000
2019-07-12,2018-2019,8.649,1.000
2019-07-15,2018-2019,8.649,11.000
2019-07-16,2018-2019,8.649,12.000
2019-07-17,2018-2019,8.731,12.000
2019-07-18,2018-2019,8.731,11.000
2019-07-19,2018-2019,8.731,6.000
2019-07-22,2018-2019,8.731,5.000
2019-07-23,2018-2019,8.731,5.000
2019-07-24,2018-2019,8.740,6.000
2019-07-25,2018-2019,8.740,7.000
2019-07-26,2018-2019,8.740,6.000
2019-07-29,2018-2019,8.740,5.000
2019-07-30,2018-2019,8.740,4.000
2019-07-31,2018-2019,8.831,20.000
2019-08-01,2018-2019,8.831,9.000
2019-08-02,2018-2019,8.831,9.000
2019-08-05,2018-2019,8.831,3.000
2019-08-06,2018-2019,8.831,1.000
2019-08-07,2018-2019,8.789,0.000
2019-08-08,2018-2019,8.789,-1.000
2019-08-09,2018-2019,8.789,1.000
2019-08-12,2018-2019,8.789,2.000
2019-08-13,2018-2019,8.789,6.000
2019-08-14,2018-2019,8.870,3.000
2019-08-15,2018-2019,8.870,8.000
2019-08-16,2018-2019,8.870,3.000
2019-08-19,2018-2019,8.870,1.000
2019-08-20,2018-2019,8.870,3.000
2019-08-21,2018-2019,8.686,0.000
2019-08-22,2018-2019,8.686,-1.000
2019-08-23,2018-2019,8.686,0.000
2019-08-26,2018-2019,8.686,0.000
2019-08-27,2018-2019,8.686,5.000
2019-08-28,2018-2019,8.572,2.000
2019-08-29,2018-2019,8.572,2.000
2019-08-30,2018-2019,8.572,6.000
2019-09-03,2018-2019,8.572,7.000
2019-09-04,2018-2019,8.503,11.000
2019-09-05,2018-2019,8.503,11.000
2019-09-06,2018-2019,8.503,5.000
2019-09-09,2018-2019,8.503,2.000
2019-09-10,2018-2019,8.503,4.000
2019-09-11,2018-2019,8.338,5.000
2019-09-12,2018-2019,8.338,10.000
2019-09-13,2018-2019,8.338,10.000
2019-09-16,2018-2019,8.338,33.000
2019-09-17,2018-2019,8.338,315.000
2019-09-18,2018-2019,7.989,45.000
2019-09-19,2018-2019,7.989,15.000
2019-09-20,2018-2019,7.989,6.000
2019-09-23,2018-2019,7.989,5.000
2019-09-24,2018-2019,7.989,16.000
2019-09-25,2018-2019,7.990,21.000
2019-09-26,2018-2019,7.990,5.000
2019-09-27,2018-2019,7.990,2.000
2019-09-30,2018-2019,7.990,55.000
2019-10-01,2018-2019,7.990,8.000
2019-10-02,2018-2019,8.345,5.000
2019-10-03,2018-2019,8.345,4.000
2019-10-04,2018-2019,8.345,2.000
2019-10-07,2018-2019,8.345,3.000
2019-10-08,2018-2019,8.345,5.000
2019-10-09,2018-2019,8.558,5.000
2019-10-10,2018-2019,8.558,5.000
2019-10-11,2018-2019,8.558,5.000
2019-10-15,2018-2019,8.558,20.000
2019-10-16,2018-2019,8.407,25.000
2019-10-17,2018-2019,8.407,15.000
2019-10-18,2018-2019,8.407,8.000
2019-10-21,2018-2019,8.407,6.000
2019-10-22,2018-2019,8.407,7.000
2019-10-23,2018-2019,8.237,7.000
2019-10-24,2018-2019,8.237,6.000
2019-10-25,2018-2019,8.237,4.000
2019-10-28,2018-2019,8.237,2.000
2019-10-29,2018-2019,8.237,1.000
2019-10-30,2018-2019,8.447,2.000
2019-10-31,2018-2019,8.447,21.000
2019-11-01,2018-2019,8.447,3.000
2019-11-04,2018-2019,8.447,1.000
2019-11-05,2018-2019,8.447,3.000
2019-11-06,2018-2019,8.644,2.000
2019-11-07,2018-2019,8.644,1.000
2019-11-08,2018-2019,8.644,1.000
2019-11-12,2018-2019,8.644,2.000
2019-11-13,2018-2019,8.684,2.000
2019-11-14,2018-2019,8.684,3.000
2019-11-15,2018-2019,8.684,4.000
2019-11-18,2018-2019,8.684,1.000
2019-11-19,2018-2019,8.684,2.000
2019-11-20,2018-2019,8.624,2.000
2019-11-21,2018-2019,8.624,3.000
2019-11-22,2018-2019,8.624,3.000
2019-11-25,2018-2019,8.624,1.000
2019-11-26,2018-2019,8.624,-1.000
2019-11-27,2018-2019,8.643,0.000
2019-11-29,2018-2019,8.643,10.000
2019-12-02,2018-2019,8.643,8.000
2019-12-03,2018-2019,8.643,0.000
2019-12-04,2018-2019,8.890,-1.000
2019-12-05,2018-2019,8.890,0.000
2019-12-06,2018-2019,8.890,0.000
2019-12-09,2018-2019,8.890,1.000
2019-12-10,2018-2019,8.890,0.000
2019-12-11,2018-2019,9.217,-1.000
2019-12-12,2018-2019,9.217,-2.000
2019-12-13,2018-2019,9.217,-1.000
2019-12-16,2018-2019,9.217,7.000
2019-12-17,2018-2019,9.217,-1.000
2019-12-18,2018-2019,9.345,-2.000
2019-12-19,2018-2019,9.345,-2.000
2019-12-20,2018-2019,9.345,-2.000
2019-12-23,2018-2019,9.345,-3.000
2019-12-24,2018-2019,9.345,-3.000
2019-12-26,2018-2019,9.303,-3.000
2019-12-27,2018-2019,9.303,-2.000
2019-12-30,2018-2019,9.303,-1.000
2019-12-31,2018-2019,9.303,0.000
2025-01-02,Jan 2025 to Feb 2026,13.220,0.000
2025-01-03,Jan 2025 to Feb 2026,13.220,-9.000
2025-01-06,Jan 2025 to Feb 2026,13.220,-13.000
2025-01-07,Jan 2025 to Feb 2026,13.220,-13.000
2025-01-08,Jan 2025 to Feb 2026,13.711,-11.000
2025-01-09,Jan 2025 to Feb 2026,13.711,-10.000
2025-01-10,Jan 2025 to Feb 2026,13.711,-10.000
2025-01-13,Jan 2025 to Feb 2026,13.711,-11.000
2025-01-14,Jan 2025 to Feb 2026,13.711,-12.000
2025-01-15,Jan 2025 to Feb 2026,14.083,-12.000
2025-01-16,Jan 2025 to Feb 2026,14.083,-11.000
2025-01-17,Jan 2025 to Feb 2026,14.083,-11.000
2025-01-21,Jan 2025 to Feb 2026,14.083,-11.000
2025-01-22,Jan 2025 to Feb 2026,14.009,-10.000
2025-01-23,Jan 2025 to Feb 2026,14.009,-5.000
2025-01-24,Jan 2025 to Feb 2026,14.009,-6.000
2025-01-27,Jan 2025 to Feb 2026,14.009,-6.000
2025-01-28,Jan 2025 to Feb 2026,14.009,-5.000
2025-01-29,Jan 2025 to Feb 2026,13.588,-5.000
2025-01-30,Jan 2025 to Feb 2026,13.588,-4.000
2025-01-31,Jan 2025 to Feb 2026,13.588,-2.000
2025-02-03,Jan 2025 to Feb 2026,13.588,-5.000
2025-02-04,Jan 2025 to Feb 2026,13.588,-7.000
2025-02-05,Jan 2025 to Feb 2026,13.395,-7.000
2025-02-06,Jan 2025 to Feb 2026,13.395,-4.000
2025-02-07,Jan 2025 to Feb 2026,13.395,-5.000
2025-02-10,Jan 2025 to Feb 2026,13.395,-5.000
2025-02-11,Jan 2025 to Feb 2026,13.395,-6.000
2025-02-12,Jan 2025 to Feb 2026,13.583,-8.000
2025-02-13,Jan 2025 to Feb 2026,13.583,-7.000
2025-02-14,Jan 2025 to Feb 2026,13.583,-7.000
2025-02-18,Jan 2025 to Feb 2026,13.583,-3.000
2025-02-19,Jan 2025 to Feb 2026,13.744,-5.000
2025-02-20,Jan 2025 to Feb 2026,13.744,-7.000
2025-02-21,Jan 2025 to Feb 2026,13.744,-6.000
2025-02-24,Jan 2025 to Feb 2026,13.744,-6.000
2025-02-25,Jan 2025 to Feb 2026,13.744,-7.000
2025-02-26,Jan 2025 to Feb 2026,13.941,-7.000
2025-02-27,Jan 2025 to Feb 2026,13.941,-4.000
2025-02-28,Jan 2025 to Feb 2026,13.941,-1.000
2025-03-03,Jan 2025 to Feb 2026,13.941,-7.000
2025-03-04,Jan 2025 to Feb 2026,13.941,-7.000
2025-03-05,Jan 2025 to Feb 2026,13.866,-6.000
2025-03-06,Jan 2025 to Feb 2026,13.866,-5.000
2025-03-07,Jan 2025 to Feb 2026,13.866,-6.000
2025-03-10,Jan 2025 to Feb 2026,13.866,-7.000
2025-03-11,Jan 2025 to Feb 2026,13.866,-8.000
2025-03-12,Jan 2025 to Feb 2026,14.240,-9.000
2025-03-13,Jan 2025 to Feb 2026,14.240,-10.000
2025-03-14,Jan 2025 to Feb 2026,14.240,-10.000
2025-03-17,Jan 2025 to Feb 2026,14.240,-8.000
2025-03-18,Jan 2025 to Feb 2026,14.240,-9.000
2025-03-19,Jan 2025 to Feb 2026,14.502,-11.000
2025-03-20,Jan 2025 to Feb 2026,14.502,-11.000
2025-03-21,Jan 2025 to Feb 2026,14.502,-10.000
2025-03-24,Jan 2025 to Feb 2026,14.502,-9.000
2025-03-25,Jan 2025 to Feb 2026,14.502,-7.000
2025-03-26,Jan 2025 to Feb 2026,14.393,-5.000
2025-03-27,Jan 2025 to Feb 2026,14.393,-4.000
2025-03-28,Jan 2025 to Feb 2026,14.393,-6.000
2025-03-31,Jan 2025 to Feb 2026,14.393,1.000
2025-04-01,Jan 2025 to Feb 2026,14.393,-1.000
2025-04-02,Jan 2025 to Feb 2026,14.074,-3.000
2025-04-03,Jan 2025 to Feb 2026,14.074,-1.000
2025-04-04,Jan 2025 to Feb 2026,14.074,-5.000
2025-04-07,Jan 2025 to Feb 2026,14.074,-7.000
2025-04-08,Jan 2025 to Feb 2026,14.074,0.000
2025-04-09,Jan 2025 to Feb 2026,14.425,2.000
2025-04-10,Jan 2025 to Feb 2026,14.425,-3.000
2025-04-11,Jan 2025 to Feb 2026,14.425,-7.000
2025-04-14,Jan 2025 to Feb 2026,14.425,-7.000
2025-04-15,Jan 2025 to Feb 2026,14.425,-4.000
2025-04-16,Jan 2025 to Feb 2026,14.300,-9.000
2025-04-17,Jan 2025 to Feb 2026,14.300,-8.000
2025-04-21,Jan 2025 to Feb 2026,14.300,-8.000
2025-04-22,Jan 2025 to Feb 2026,14.300,-10.000
2025-04-23,Jan 2025 to Feb 2026,13.466,-12.000
2025-04-24,Jan 2025 to Feb 2026,13.466,-11.000
2025-04-25,Jan 2025 to Feb 2026,13.466,-7.000
2025-04-28,Jan 2025 to Feb 2026,13.466,-4.000
2025-04-29,Jan 2025 to Feb 2026,13.466,-4.000
2025-04-30,Jan 2025 to Feb 2026,13.372,1.000
2025-05-01,Jan 2025 to Feb 2026,13.372,-1.000
2025-05-02,Jan 2025 to Feb 2026,13.372,-4.000
2025-05-05,Jan 2025 to Feb 2026,13.372,-7.000
2025-05-06,Jan 2025 to Feb 2026,13.372,-8.000
2025-05-07,Jan 2025 to Feb 2026,13.339,-10.000
2025-05-08,Jan 2025 to Feb 2026,13.339,-11.000
2025-05-09,Jan 2025 to Feb 2026,13.339,-12.000
2025-05-12,Jan 2025 to Feb 2026,13.339,-12.000
2025-05-13,Jan 2025 to Feb 2026,13.339,-10.000
2025-05-14,Jan 2025 to Feb 2026,13.382,-11.000
2025-05-15,Jan 2025 to Feb 2026,13.382,-9.000
2025-05-16,Jan 2025 to Feb 2026,13.382,-10.000
2025-05-19,Jan 2025 to Feb 2026,13.382,-11.000
2025-05-20,Jan 2025 to Feb 2026,13.382,-13.000
2025-05-21,Jan 2025 to Feb 2026,13.589,-14.000
2025-05-22,Jan 2025 to Feb 2026,13.589,-14.000
2025-05-23,Jan 2025 to Feb 2026,13.589,-14.000
2025-05-27,Jan 2025 to Feb 2026,13.589,-9.000
2025-05-28,Jan 2025 to Feb 2026,13.508,-7.000
2025-05-29,Jan 2025 to Feb 2026,13.508,-7.000
2025-05-30,Jan 2025 to Feb 2026,13.508,-5.000
2025-06-02,Jan 2025 to Feb 2026,13.508,-5.000
2025-06-03,Jan 2025 to Feb 2026,13.508,-8.000
2025-06-04,Jan 2025 to Feb 2026,13.584,-12.000
2025-06-05,Jan 2025 to Feb 2026,13.584,-11.000
2025-06-06,Jan 2025 to Feb 2026,13.584,-11.000
2025-06-09,Jan 2025 to Feb 2026,13.584,-11.000
2025-06-10,Jan 2025 to Feb 2026,13.584,-12.000
2025-06-11,Jan 2025 to Feb 2026,13.996,-12.000
2025-06-12,Jan 2025 to Feb 2026,13.996,-12.000
2025-06-13,Jan 2025 to Feb 2026,13.996,-12.000
2025-06-16,Jan 2025 to Feb 2026,13.996,-8.000
2025-06-17,Jan 2025 to Feb 2026,13.996,-9.000
2025-06-18,Jan 2025 to Feb 2026,13.993,-12.000
2025-06-20,Jan 2025 to Feb 2026,13.993,-11.000
2025-06-23,Jan 2025 to Feb 2026,13.993,-11.000
2025-06-24,Jan 2025 to Feb 2026,13.993,-10.000
2025-06-25,Jan 2025 to Feb 2026,13.761,-4.000
2025-06-26,Jan 2025 to Feb 2026,13.761,0.000
2025-06-27,Jan 2025 to Feb 2026,13.761,-1.000
2025-06-30,Jan 2025 to Feb 2026,13.761,5.000
2025-07-01,Jan 2025 to Feb 2026,13.761,4.000
2025-07-02,Jan 2025 to Feb 2026,13.212,0.000
2025-07-03,Jan 2025 to Feb 2026,13.212,-5.000
2025-07-07,Jan 2025 to Feb 2026,13.212,-7.000
2025-07-08,Jan 2025 to Feb 2026,13.212,-6.000
2025-07-09,Jan 2025 to Feb 2026,13.617,-8.000
2025-07-10,Jan 2025 to Feb 2026,13.617,-9.000
2025-07-11,Jan 2025 to Feb 2026,13.617,-9.000
2025-07-14,Jan 2025 to Feb 2026,13.617,-7.000
2025-07-15,Jan 2025 to Feb 2026,13.617,-3.000
2025-07-16,Jan 2025 to Feb 2026,13.866,-6.000
2025-07-17,Jan 2025 to Feb 2026,13.866,-6.000
2025-07-18,Jan 2025 to Feb 2026,13.866,-10.000
2025-07-21,Jan 2025 to Feb 2026,13.866,-12.000
2025-07-22,Jan 2025 to Feb 2026,13.866,-12.000
2025-07-23,Jan 2025 to Feb 2026,13.684,-12.000
2025-07-24,Jan 2025 to Feb 2026,13.684,-10.000
2025-07-25,Jan 2025 to Feb 2026,13.684,-4.000
2025-07-28,Jan 2025 to Feb 2026,13.684,-4.000
2025-07-29,Jan 2025 to Feb 2026,13.684,-4.000
2025-07-30,Jan 2025 to Feb 2026,13.629,-8.000
2025-07-31,Jan 2025 to Feb 2026,13.629,-1.000
2025-08-01,Jan 2025 to Feb 2026,13.629,-6.000
2025-08-04,Jan 2025 to Feb 2026,13.629,-7.000
2025-08-05,Jan 2025 to Feb 2026,13.629,-6.000
2025-08-06,Jan 2025 to Feb 2026,13.600,-6.000
2025-08-07,Jan 2025 to Feb 2026,13.600,-5.000
2025-08-08,Jan 2025 to Feb 2026,13.600,-5.000
2025-08-11,Jan 2025 to Feb 2026,13.600,-6.000
2025-08-12,Jan 2025 to Feb 2026,13.600,-4.000
2025-08-13,Jan 2025 to Feb 2026,13.533,-7.000
2025-08-14,Jan 2025 to Feb 2026,13.533,-6.000
2025-08-15,Jan 2025 to Feb 2026,13.533,-4.000
2025-08-18,Jan 2025 to Feb 2026,13.533,-6.000
2025-08-19,Jan 2025 to Feb 2026,13.533,-7.000
2025-08-20,Jan 2025 to Feb 2026,13.542,-9.000
2025-08-21,Jan 2025 to Feb 2026,13.542,-8.000
2025-08-22,Jan 2025 to Feb 2026,13.542,-4.000
2025-08-25,Jan 2025 to Feb 2026,13.542,-3.000
2025-08-26,Jan 2025 to Feb 2026,13.542,-2.000
2025-08-27,Jan 2025 to Feb 2026,13.133,-4.000
2025-08-28,Jan 2025 to Feb 2026,13.133,-6.000
2025-08-29,Jan 2025 to Feb 2026,13.133,-6.000
2025-09-02,Jan 2025 to Feb 2026,13.133,-1.000
2025-09-03,Jan 2025 to Feb 2026,13.000,-1.000
2025-09-04,Jan 2025 to Feb 2026,13.000,1.000
2025-09-05,Jan 2025 to Feb 2026,13.000,2.000
2025-09-08,Jan 2025 to Feb 2026,13.000,0.000
2025-09-09,Jan 2025 to Feb 2026,13.000,0.000
2025-09-10,Jan 2025 to Feb 2026,12.928,-1.000
2025-09-11,Jan 2025 to Feb 2026,12.928,1.000
2025-09-12,Jan 2025 to Feb 2026,12.928,2.000
2025-09-15,Jan 2025 to Feb 2026,12.928,11.000
2025-09-16,Jan 2025 to Feb 2026,12.928,-1.000
2025-09-17,Jan 2025 to Feb 2026,12.585,-2.000
2025-09-18,Jan 2025 to Feb 2026,12.585,-1.000
2025-09-19,Jan 2025 to Feb 2026,12.585,-1.000
2025-09-22,Jan 2025 to Feb 2026,12.585,-1.000
2025-09-23,Jan 2025 to Feb 2026,12.585,-3.000
2025-09-24,Jan 2025 to Feb 2026,12.254,-2.000
2025-09-25,Jan 2025 to Feb 2026,12.254,3.000
2025-09-26,Jan 2025 to Feb 2026,12.254,1.000
2025-09-29,Jan 2025 to Feb 2026,12.254,-2.000
2025-09-30,Jan 2025 to Feb 2026,12.254,9.000
2025-10-01,Jan 2025 to Feb 2026,12.100,5.000
2025-10-02,Jan 2025 to Feb 2026,12.100,5.000
2025-10-03,Jan 2025 to Feb 2026,12.100,3.000
2025-10-06,Jan 2025 to Feb 2026,12.100,0.000
2025-10-07,Jan 2025 to Feb 2026,12.100,-1.000
2025-10-08,Jan 2025 to Feb 2026,12.240,-3.000
2025-10-09,Jan 2025 to Feb 2026,12.240,-2.000
2025-10-10,Jan 2025 to Feb 2026,12.240,0.000
2025-10-14,Jan 2025 to Feb 2026,12.240,4.000
2025-10-15,Jan 2025 to Feb 2026,12.322,14.000
2025-10-16,Jan 2025 to Feb 2026,12.322,15.000
2025-10-17,Jan 2025 to Feb 2026,12.322,3.000
2025-10-20,Jan 2025 to Feb 2026,12.322,1.000
2025-10-21,Jan 2025 to Feb 2026,12.322,8.000
2025-10-22,Jan 2025 to Feb 2026,11.980,6.000
2025-10-23,Jan 2025 to Feb 2026,11.980,9.000
2025-10-24,Jan 2025 to Feb 2026,11.980,9.000
2025-10-27,Jan 2025 to Feb 2026,11.980,12.000
2025-10-28,Jan 2025 to Feb 2026,11.980,16.000
2025-10-29,Jan 2025 to Feb 2026,11.688,12.000
2025-10-30,Jan 2025 to Feb 2026,11.688,14.000
2025-10-31,Jan 2025 to Feb 2026,11.688,32.000
2025-11-03,Jan 2025 to Feb 2026,11.688,23.000
2025-11-04,Jan 2025 to Feb 2026,11.688,10.000
2025-11-05,Jan 2025 to Feb 2026,11.760,1.000
2025-11-06,Jan 2025 to Feb 2026,11.760,2.000
2025-11-07,Jan 2025 to Feb 2026,11.760,3.000
2025-11-10,Jan 2025 to Feb 2026,11.760,5.000
2025-11-12,Jan 2025 to Feb 2026,11.701,8.000
2025-11-13,Jan 2025 to Feb 2026,11.701,10.000
2025-11-14,Jan 2025 to Feb 2026,11.701,5.000
2025-11-17,Jan 2025 to Feb 2026,11.701,10.000
2025-11-18,Jan 2025 to Feb 2026,11.701,4.000
2025-11-19,Jan 2025 to Feb 2026,11.821,1.000
2025-11-20,Jan 2025 to Feb 2026,11.821,1.000
2025-11-21,Jan 2025 to Feb 2026,11.821,3.000
2025-11-24,Jan 2025 to Feb 2026,11.821,6.000
2025-11-25,Jan 2025 to Feb 2026,11.821,11.000
2025-11-26,Jan 2025 to Feb 2026,11.820,15.000
2025-11-28,Jan 2025 to Feb 2026,11.820,22.000
2025-12-01,Jan 2025 to Feb 2026,11.820,22.000
2025-12-02,Jan 2025 to Feb 2026,11.820,11.000
2025-12-03,Jan 2025 to Feb 2026,11.696,5.000
2025-12-04,Jan 2025 to Feb 2026,11.696,2.000
2025-12-05,Jan 2025 to Feb 2026,11.696,3.000
2025-12-08,Jan 2025 to Feb 2026,11.696,5.000
2025-12-09,Jan 2025 to Feb 2026,11.696,3.000
2025-12-10,Jan 2025 to Feb 2026,11.960,0.000
2025-12-11,Jan 2025 to Feb 2026,11.960,1.000
2025-12-12,Jan 2025 to Feb 2026,11.960,2.000
2025-12-15,Jan 2025 to Feb 2026,11.960,10.000
2025-12-16,Jan 2025 to Feb 2026,11.960,4.000
2025-12-17,Jan 2025 to Feb 2026,12.058,4.000
2025-12-18,Jan 2025 to Feb 2026,12.058,1.000
2025-12-19,Jan 2025 to Feb 2026,12.058,1.000
2025-12-22,Jan 2025 to Feb 2026,12.058,3.000
2025-12-23,Jan 2025 to Feb 2026,12.058,1.000
2025-12-24,Jan 2025 to Feb 2026,11.988,1.000
2025-12-26,Jan 2025 to Feb 2026,11.988,11.000
2025-12-29,Jan 2025 to Feb 2026,11.988,12.000
2025-12-30,Jan 2025 to Feb 2026,11.988,6.000
2025-12-31,Jan 2025 to Feb 2026,11.995,22.000
2026-01-02,Jan 2025 to Feb 2026,11.995,10.000
2026-01-05,Jan 2025 to Feb 2026,11.995,5.000
2026-01-06,Jan 2025 to Feb 2026,11.995,1.000
2026-01-07,Jan 2025 to Feb 2026,12.149,0.000
2026-01-08,Jan 2025 to Feb 2026,12.149,-1.000
2026-01-09,Jan 2025 to Feb 2026,12.149,-1.000
2026-01-12,Jan 2025 to Feb 2026,12.149,-1.000
2026-01-13,Jan 2025 to Feb 2026,12.149,0.000
2026-01-14,Jan 2025 to Feb 2026,12.324,-1.000
2026-01-15,Jan 2025 to Feb 2026,12.324,1.000
2026-01-16,Jan 2025 to Feb 2026,12.324,0.000
2026-01-20,Jan 2025 to Feb 2026,12.324,-1.000
2026-01-21,Jan 2025 to Feb 2026,11.941,-2.000
2026-01-22,Jan 2025 to Feb 2026,11.941,-1.000
2026-01-23,Jan 2025 to Feb 2026,11.941,0.000
2026-01-26,Jan 2025 to Feb 2026,11.941,1.000
2026-01-27,Jan 2025 to Feb 2026,11.941,1.000
2026-01-28,Jan 2025 to Feb 2026,11.687,-1.000
2026-01-29,Jan 2025 to Feb 2026,11.687,0.000
2026-01-30,Jan 2025 to Feb 2026,11.687,3.000
2026-02-02,Jan 2025 to Feb 2026,11.687,4.000
2026-02-03,Jan 2025 to Feb 2026,11.687,4.000
2026-02-04,Jan 2025 to Feb 2026,11.783,0.000
2026-02-05,Jan 2025 to Feb 2026,11.783,0.000
2026-02-06,Jan 2025 to Feb 2026,11.783,-1.000
2026-02-09,Jan 2025 to Feb 2026,11.783,-2.000
2026-02-10,Jan 2025 to Feb 2026,11.783,0.000
2026-02-11,Jan 2025 to Feb 2026,11.818,0.000
2026-02-12,Jan 2025 to Feb 2026,11.818,0.000
2026-02-13,Jan 2025 to Feb 2026,11.818,1.000
2026-02-17,Jan 2025 to Feb 2026,11.818,6.000
2026-02-18,Jan 2025 to Feb 2026,11.810,8.000
2026-02-19,Jan 2025 to Feb 2026,11.810,2.000
2026-02-20,Jan 2025 to Feb 2026,11.810,1.000
2026-02-23,Jan 2025 to Feb 2026,11.810,1.000
2026-02-24,Jan 2025 to Feb 2026,11.810,2.000
2026-02-25,Jan 2025 to Feb 2026,11.888,2.000
2026-02-26,Jan 2025 to Feb 2026,11.888,2.000
2026-02-27,Jan 2025 to Feb 2026,11.888,3.000
2026-03-02,March 2026+,11.888,6.000
2026-03-03,March 2026+,11.888,5.000
2026-03-04,March 2026+,12.089,2.000
2026-03-05,March 2026+,12.089,1.000
2026-03-06,March 2026+,12.089,0.000
2026-03-09,March 2026+,12.089,0.000
2026-03-10,March 2026+,12.089,-1.000
2026-03-11,March 2026+,12.139,-1.000
2026-03-12,March 2026+,12.139,0.000
2026-03-13,March 2026+,12.139,0.000
2026-03-16,March 2026+,12.139,5.000
2026-03-17,March 2026+,12.139,0.000
2026-03-18,March 2026+,12.077,-3.000
2026-03-19,March 2026+,12.077,-3.000
2026-03-20,March 2026+,12.077,-3.000
2026-03-23,March 2026+,12.077,-3.000
2026-03-24,March 2026+,12.077,-2.000
2026-03-25,March 2026+,11.914,-1.000
2026-03-26,March 2026+,11.914,0.000
2026-03-27,March 2026+,11.914,-2.000
2026-03-30,March 2026+,11.914,-2.000
2026-03-31,March 2026+,11.914,3.000
2026-04-01,March 2026+,12.002,0.000
2026-04-02,March 2026+,12.002,1.000
2026-04-06,March 2026+,12.002,0.000
2026-04-07,March 2026+,12.002,-3.000
2026-04-08,March 2026+,12.347,-6.000
2026-04-09,March 2026+,12.347,-8.000
2026-04-10,March 2026+,12.347,-4.000
2026-04-13,March 2026+,12.347,-2.000
2026-04-14,March 2026+,12.347,1.000
2026-04-15,March 2026+,12.391,7.000
2026-04-16,March 2026+,12.391,2.000
2026-04-17,March 2026+,12.391,0.000
2026-04-20,March 2026+,12.391,-2.000
2026-04-21,March 2026+,12.391,-2.000
2026-04-22,March 2026+,11.488,-1.000
2026-04-23,March 2026+,11.488,0.000
2026-04-24,March 2026+,11.488,1.000
2026-04-27,March 2026+,11.488,1.000
2026-04-28,March 2026+,11.488,-1.000
2026-04-29,March 2026+,11.471,-2.000
2026-04-30,March 2026+,11.471,1.000
2026-05-01,March 2026+,11.471,-1.000
2026-05-04,March 2026+,11.471,-2.000
2026-05-05,March 2026+,11.471,-3.000
2026-05-06,March 2026+,11.896,-4.000
2026-05-07,March 2026+,11.896,-5.000
2026-05-08,March 2026+,11.896,-5.000
2026-05-11,March 2026+,11.896,-5.000
2026-05-12,March 2026+,11.896,-5.000
2026-05-13,March 2026+,12.180,-6.000
2026-05-14,March 2026+,12.180,-9.000
2026-05-15,March 2026+,12.180,-10.000
2026-05-18,March 2026+,12.180,-12.000
2026-05-19,March 2026+,12.180,-14.000
2026-05-20,March 2026+,12.252,-15.000
2026-05-21,March 2026+,12.252,-14.000
2026-05-22,March 2026+,12.252,-10.000
2026-05-26,March 2026+,12.252,-2.000
2026-05-27,March 2026+,12.008,-2.000
2026-05-28,March 2026+,12.008,-3.000
2026-05-29,March 2026+,12.008,-2.000
2026-06-01,March 2026+,12.008,0.000
2026-06-02,March 2026+,12.008,-2.000
2026-06-03,March 2026+,11.838,-4.000
2026-06-04,March 2026+,11.838,-3.000
2026-06-05,March 2026+,11.838,-2.000
2026-06-08,March 2026+,11.838,-2.000
2026-06-09,March 2026+,11.838,-5.000
2026-06-10,March 2026+,12.077,-6.000
2026-06-11,March 2026+,12.077,-5.000
2026-06-12,March 2026+,12.077,0.000
2026-06-15,March 2026+,12.077,4.000
2026-06-16,March 2026+,12.077,-2.000
2026-06-17,March 2026+,12.077,-2.000
