date,sofr,effr,sofr_minus_effr_bp
2018-04-03,1.8300,1.6900,14.00
2018-04-04,1.7400,1.6900,5.00
2018-04-05,1.7500,1.6900,6.00
2018-04-06,1.7500,1.6900,6.00
2018-04-09,1.7500,1.6900,6.00
2018-04-10,1.7500,1.6900,6.00
2018-04-11,1.7600,1.6900,7.00
2018-04-12,1.7300,1.6900,4.00
2018-04-13,1.7200,1.6900,3.00
2018-04-16,1.7700,1.6900,8.00
2018-04-17,1.7600,1.6900,7.00
2018-04-18,1.7500,1.6900,6.00
2018-04-19,1.7300,1.6900,4.00
2018-04-20,1.7200,1.7000,2.00
2018-04-23,1.7000,1.7000,0.00
2018-04-24,1.7100,1.7000,1.00
2018-04-25,1.7100,1.7000,1.00
2018-04-26,1.7200,1.7000,2.00
2018-04-27,1.7200,1.7000,2.00
2018-04-30,1.7700,1.6900,8.00
2018-05-01,1.7600,1.7000,6.00
2018-05-02,1.7500,1.7000,5.00
2018-05-03,1.7400,1.7000,4.00
2018-05-04,1.7200,1.7000,2.00
2018-05-07,1.7100,1.7000,1.00
2018-05-08,1.7200,1.7000,2.00
2018-05-09,1.7200,1.7000,2.00
2018-05-10,1.7300,1.7000,3.00
2018-05-11,1.7300,1.7000,3.00
2018-05-14,1.7500,1.7000,5.00
2018-05-15,1.7900,1.7000,9.00
2018-05-16,1.7500,1.7000,5.00
2018-05-17,1.7400,1.7000,4.00
2018-05-18,1.7300,1.7000,3.00
2018-05-21,1.6900,1.7000,-1.00
2018-05-22,1.6500,1.7000,-5.00
2018-05-23,1.6700,1.7000,-3.00
2018-05-24,1.7400,1.7000,4.00
2018-05-25,1.7300,1.7000,3.00
2018-05-29,1.7200,1.7000,2.00
2018-05-30,1.7200,1.7000,2.00
2018-05-31,1.8100,1.7000,11.00
2018-06-01,1.8100,1.7000,11.00
2018-06-04,1.8000,1.7000,10.00
2018-06-05,1.7500,1.7000,5.00
2018-06-06,1.7300,1.7000,3.00
2018-06-07,1.7100,1.7000,1.00
2018-06-08,1.6900,1.7000,-1.00
2018-06-11,1.6900,1.7000,-1.00
2018-06-12,1.6700,1.7000,-3.00
2018-06-13,1.7100,1.7000,1.00
2018-06-14,1.9000,1.9000,0.00
2018-06-15,1.9100,1.9000,1.00
2018-06-18,1.9000,1.9000,0.00
2018-06-19,1.8800,1.9100,-3.00
2018-06-20,1.8700,1.9200,-5.00
2018-06-21,1.8700,1.9200,-5.00
2018-06-22,1.9200,1.9200,0.00
2018-06-25,1.9100,1.9200,-1.00
2018-06-26,1.9000,1.9200,-2.00
2018-06-27,1.9000,1.9100,-1.00
2018-06-28,1.9300,1.9100,2.00
2018-06-29,2.1200,1.9100,21.00
2018-07-02,2.0400,1.9100,13.00
2018-07-03,2.0000,1.9100,9.00
2018-07-05,1.9700,1.9100,6.00
2018-07-06,1.9300,1.9100,2.00
2018-07-09,1.8900,1.9100,-2.00
2018-07-10,1.8900,1.9100,-2.00
2018-07-11,1.8900,1.9100,-2.00
2018-07-12,1.9000,1.9100,-1.00
2018-07-13,1.9000,1.9100,-1.00
2018-07-16,1.9500,1.9100,4.00
2018-07-17,1.9200,1.9100,1.00
2018-07-18,1.9000,1.9100,-1.00
2018-07-19,1.9000,1.9100,-1.00
2018-07-20,1.8800,1.9100,-3.00
2018-07-23,1.8700,1.9100,-4.00
2018-07-24,1.9000,1.9100,-1.00
2018-07-25,1.8700,1.9100,-4.00
2018-07-26,1.9000,1.9100,-1.00
2018-07-27,1.8800,1.9100,-3.00
2018-07-30,1.8800,1.9100,-3.00
2018-07-31,1.9300,1.9100,2.00
2018-08-01,1.8800,1.9100,-3.00
2018-08-02,1.9100,1.9100,0.00
2018-08-03,1.8600,1.9100,-5.00
2018-08-06,1.8600,1.9100,-5.00
2018-08-07,1.8700,1.9100,-4.00
2018-08-08,1.8800,1.9100,-3.00
2018-08-09,1.9100,1.9100,0.00
2018-08-10,1.9000,1.9100,-1.00
2018-08-13,1.9100,1.9100,0.00
2018-08-14,1.9300,1.9100,2.00
2018-08-15,1.9800,1.9100,7.00
2018-08-16,1.9900,1.9200,7.00
2018-08-17,1.9000,1.9200,-2.00
2018-08-20,1.9000,1.9200,-2.00
2018-08-21,1.9000,1.9200,-2.00
2018-08-22,1.9000,1.9200,-2.00
2018-08-23,1.9400,1.9200,2.00
2018-08-24,1.9500,1.9200,3.00
2018-08-27,1.9500,1.9200,3.00
2018-08-28,1.9500,1.9200,3.00
2018-08-29,1.9300,1.9200,1.00
2018-08-30,1.9300,1.9200,1.00
2018-08-31,1.9700,1.9100,6.00
2018-09-04,1.9500,1.9200,3.00
2018-09-05,1.9500,1.9200,3.00
2018-09-06,1.9400,1.9200,2.00
2018-09-07,1.9400,1.9200,2.00
2018-09-10,1.9400,1.9200,2.00
2018-09-11,1.9400,1.9200,2.00
2018-09-12,1.9400,1.9200,2.00
2018-09-13,1.9400,1.9200,2.00
2018-09-14,1.9500,1.9200,3.00
2018-09-17,2.0000,1.9200,8.00
2018-09-18,1.9400,1.9200,2.00
2018-09-19,1.9200,1.9200,0.00
2018-09-20,1.9200,1.9200,0.00
2018-09-21,1.9200,1.9200,0.00
2018-09-24,1.9500,1.9300,2.00
2018-09-25,1.9300,1.9300,0.00
2018-09-26,1.9200,1.9300,-1.00
2018-09-27,2.1600,2.1800,-2.00
2018-09-28,2.2500,2.1800,7.00
2018-10-01,2.2200,2.1800,4.00
2018-10-02,2.2000,2.1800,2.00
2018-10-03,2.2000,2.1800,2.00
2018-10-04,2.1800,2.1800,0.00
2018-10-05,2.1600,2.1800,-2.00
2018-10-09,2.1500,2.1800,-3.00
2018-10-10,2.1500,2.1800,-3.00
2018-10-11,2.1700,2.1800,-1.00
2018-10-12,2.1800,2.1800,0.00
2018-10-15,2.2100,2.1800,3.00
2018-10-16,2.1800,2.1800,0.00
2018-10-17,2.1800,2.1900,-1.00
2018-10-18,2.1900,2.1900,0.00
2018-10-19,2.1900,2.1900,0.00
2018-10-22,2.1800,2.1900,-1.00
2018-10-23,2.1700,2.2000,-3.00
2018-10-24,2.1800,2.2000,-2.00
2018-10-25,2.1900,2.2000,-1.00
2018-10-26,2.1900,2.2000,-1.00
2018-10-29,2.1800,2.2000,-2.00
2018-10-30,2.1800,2.2000,-2.00
2018-10-31,2.2200,2.2000,2.00
2018-11-01,2.2200,2.2000,2.00
2018-11-02,2.2500,2.1900,6.00
2018-11-05,2.2400,2.2000,4.00
2018-11-06,2.2200,2.2000,2.00
2018-11-07,2.1800,2.2000,-2.00
2018-11-08,2.2100,2.2000,1.00
2018-11-09,2.2000,2.1900,1.00
2018-11-13,2.2000,2.2000,0.00
2018-11-14,2.2000,2.2000,0.00
2018-11-15,2.2800,2.2000,8.00
2018-11-16,2.2600,2.2000,6.00
2018-11-19,2.2400,2.2000,4.00
2018-11-20,2.2000,2.2000,0.00
2018-11-21,2.1800,2.2000,-2.00
2018-11-23,2.2300,2.2000,3.00
2018-11-26,2.2000,2.2000,0.00
2018-11-27,2.1900,2.2000,-1.00
2018-11-28,2.1900,2.2000,-1.00
2018-11-29,2.2400,2.2000,4.00
2018-11-30,2.2800,2.2000,8.00
2018-12-03,2.2300,2.1900,4.00
2018-12-04,2.2700,2.2000,7.00
2018-12-06,2.3400,2.2000,14.00
2018-12-07,2.3000,2.1900,11.00
2018-12-10,2.2200,2.2000,2.00
2018-12-11,2.1900,2.1900,0.00
2018-12-12,2.2000,2.1900,1.00
2018-12-13,2.2100,2.1900,2.00
2018-12-14,2.2100,2.1900,2.00
2018-12-17,2.3100,2.2000,11.00
2018-12-18,2.3200,2.2000,12.00
2018-12-19,2.3000,2.2000,10.00
2018-12-20,2.4100,2.4000,1.00
2018-12-21,2.4000,2.4000,0.00
2018-12-24,2.4100,2.4000,1.00
2018-12-26,2.4400,2.4000,4.00
2018-12-27,2.4400,2.4000,4.00
2018-12-28,2.4600,2.4000,6.00
2018-12-31,3.0000,2.4000,60.00
2019-01-02,3.1500,2.4000,75.00
2019-01-03,2.7000,2.4000,30.00
2019-01-04,2.4500,2.4000,5.00
2019-01-07,2.4100,2.4000,1.00
2019-01-08,2.4200,2.4000,2.00
2019-01-09,2.4500,2.4000,5.00
2019-01-10,2.4300,2.4000,3.00
2019-01-11,2.4100,2.4000,1.00
2019-01-14,2.4000,2.4000,0.00
2019-01-15,2.4600,2.4000,6.00
2019-01-16,2.4300,2.4000,3.00
2019-01-17,2.4100,2.4000,1.00
2019-01-18,2.4200,2.4000,2.00
2019-01-22,2.4100,2.4000,1.00
2019-01-23,2.4000,2.4000,0.00
2019-01-24,2.4100,2.4000,1.00
2019-01-25,2.4000,2.4000,0.00
2019-01-28,2.3900,2.4000,-1.00
2019-01-29,2.4000,2.4000,0.00
2019-01-30,2.3900,2.4000,-1.00
2019-01-31,2.5800,2.4000,18.00
2019-02-01,2.4700,2.4000,7.00
2019-02-04,2.4000,2.4000,0.00
2019-02-05,2.4000,2.4000,0.00
2019-02-06,2.3800,2.4000,-2.00
2019-02-07,2.3800,2.4000,-2.00
2019-02-08,2.3700,2.4000,-3.00
2019-02-11,2.4000,2.4000,0.00
2019-02-12,2.3900,2.4000,-1.00
2019-02-13,2.3800,2.4000,-2.00
2019-02-14,2.3900,2.4000,-1.00
2019-02-15,2.4300,2.4000,3.00
2019-02-19,2.4000,2.4000,0.00
2019-02-20,2.3900,2.4000,-1.00
2019-02-21,2.3900,2.4000,-1.00
2019-02-22,2.4000,2.4000,0.00
2019-02-25,2.3800,2.4000,-2.00
2019-02-26,2.3800,2.4000,-2.00
2019-02-27,2.3700,2.4000,-3.00
2019-02-28,2.5800,2.4000,18.00
2019-03-01,2.3800,2.4000,-2.00
2019-03-04,2.3800,2.4000,-2.00
2019-03-05,2.3800,2.4000,-2.00
2019-03-06,2.3800,2.4000,-2.00
2019-03-07,2.3800,2.4000,-2.00
2019-03-08,2.3900,2.4000,-1.00
2019-03-11,2.3800,2.4000,-2.00
2019-03-12,2.3900,2.4000,-1.00
2019-03-13,2.4000,2.4000,0.00
2019-03-14,2.4200,2.4000,2.00
2019-03-15,2.4600,2.4000,6.00
2019-03-18,2.4100,2.4000,1.00
2019-03-19,2.4200,2.4000,2.00
2019-03-20,2.4700,2.4100,6.00
2019-03-21,2.4400,2.4100,3.00
2019-03-22,2.4000,2.4100,-1.00
2019-03-25,2.4000,2.4000,0.00
2019-03-26,2.4000,2.4000,0.00
2019-03-27,2.4000,2.4100,-1.00
2019-03-28,2.4300,2.4100,2.00
2019-03-29,2.6500,2.4300,22.00
2019-04-01,2.4600,2.4100,5.00
2019-04-02,2.4600,2.4100,5.00
2019-04-03,2.4700,2.4100,6.00
2019-04-04,2.4600,2.4100,5.00
2019-04-05,2.4600,2.4100,5.00
2019-04-08,2.4600,2.4100,5.00
2019-04-09,2.4500,2.4100,4.00
2019-04-10,2.4500,2.4100,4.00
2019-04-11,2.4400,2.4100,3.00
2019-04-12,2.4400,2.4100,3.00
2019-04-15,2.4700,2.4100,6.00
2019-04-16,2.4700,2.4100,6.00
2019-04-17,2.5000,2.4200,8.00
2019-04-18,2.5000,2.4300,7.00
2019-04-22,2.4600,2.4400,2.00
2019-04-23,2.4600,2.4400,2.00
2019-04-24,2.4400,2.4400,0.00
2019-04-25,2.4500,2.4400,1.00
2019-04-26,2.4600,2.4400,2.00
2019-04-29,2.4800,2.4500,3.00
2019-04-30,2.7600,2.4500,31.00
2019-05-01,2.5400,2.4500,9.00
2019-05-02,2.5000,2.4100,9.00
2019-05-03,2.4300,2.4000,3.00
2019-05-06,2.4200,2.4000,2.00
2019-05-07,2.4400,2.4000,4.00
2019-05-08,2.4300,2.3900,4.00
2019-05-09,2.4100,2.3800,3.00
2019-05-10,2.4000,2.3800,2.00
2019-05-13,2.3800,2.3800,0.00
2019-05-14,2.3900,2.3800,1.00
2019-05-15,2.4800,2.4000,8.00
2019-05-16,2.4300,2.3900,4.00
2019-05-17,2.4200,2.3900,3.00
2019-05-20,2.3900,2.3900,0.00
2019-05-21,2.3800,2.3900,-1.00
2019-05-22,2.3700,2.3800,-1.00
2019-05-23,2.3700,2.3800,-1.00
2019-05-24,2.3700,2.3800,-1.00
2019-05-28,2.4100,2.3900,2.00
2019-05-29,2.4000,2.3900,1.00
2019-05-30,2.4000,2.3900,1.00
2019-05-31,2.4900,2.4000,9.00
2019-06-03,2.4000,2.3800,2.00
2019-06-04,2.3900,2.3800,1.00
2019-06-05,2.4000,2.3800,2.00
2019-06-06,2.4000,2.3700,3.00
2019-06-07,2.3900,2.3700,2.00
2019-06-10,2.3900,2.3700,2.00
2019-06-11,2.3800,2.3700,1.00
2019-06-12,2.3700,2.3700,0.00
2019-06-13,2.3500,2.3700,-2.00
2019-06-14,2.3500,2.3600,-1.00
2019-06-17,2.4100,2.3800,3.00
2019-06-18,2.3900,2.3700,2.00
2019-06-19,2.3600,2.3700,-1.00
2019-06-20,2.3600,2.3700,-1.00
2019-06-21,2.3700,2.3800,-1.00
2019-06-24,2.3900,2.3800,1.00
2019-06-25,2.4100,2.3800,3.00
2019-06-26,2.4300,2.3800,5.00
2019-06-27,2.4200,2.3800,4.00
2019-06-28,2.5000,2.4000,10.00
2019-07-01,2.4200,2.3900,3.00
2019-07-02,2.5100,2.4000,11.00
2019-07-03,2.5600,2.4100,15.00
2019-07-05,2.5900,2.4200,17.00
2019-07-08,2.4800,2.4100,7.00
2019-07-09,2.4500,2.4100,4.00
2019-07-10,2.4600,2.4100,5.00
2019-07-11,2.4100,2.4000,1.00
2019-07-12,2.3600,2.3800,-2.00
2019-07-15,2.4600,2.4000,6.00
2019-07-16,2.4700,2.4100,6.00
2019-07-17,2.4700,2.4100,6.00
2019-07-18,2.4600,2.4100,5.00
2019-07-19,2.4100,2.4100,0.00
2019-07-22,2.4000,2.4000,0.00
2019-07-23,2.4000,2.4000,0.00
2019-07-24,2.4100,2.4000,1.00
2019-07-25,2.4200,2.4000,2.00
2019-07-26,2.4100,2.4000,1.00
2019-07-29,2.4000,2.4000,0.00
2019-07-30,2.3900,2.3900,0.00
2019-07-31,2.5500,2.4000,15.00
2019-08-01,2.1900,2.1400,5.00
2019-08-02,2.1900,2.1400,5.00
2019-08-05,2.1300,2.1300,0.00
2019-08-06,2.1100,2.1300,-2.00
2019-08-07,2.1000,2.1200,-2.00
2019-08-08,2.0900,2.1200,-3.00
2019-08-09,2.1100,2.1200,-1.00
2019-08-12,2.1200,2.1200,0.00
2019-08-13,2.1600,2.1200,4.00
2019-08-14,2.1300,2.1200,1.00
2019-08-15,2.1800,2.1300,5.00
2019-08-16,2.1300,2.1300,0.00
2019-08-19,2.1100,2.1300,-2.00
2019-08-20,2.1300,2.1300,0.00
2019-08-21,2.1000,2.1200,-2.00
2019-08-22,2.0900,2.1200,-3.00
2019-08-23,2.1000,2.1200,-2.00
2019-08-26,2.1000,2.1200,-2.00
2019-08-27,2.1500,2.1200,3.00
2019-08-28,2.1200,2.1200,0.00
2019-08-29,2.1200,2.1200,0.00
2019-08-30,2.1600,2.1300,3.00
2019-09-03,2.1700,2.1300,4.00
2019-09-04,2.2100,2.1300,8.00
2019-09-05,2.2100,2.1300,8.00
2019-09-06,2.1500,2.1200,3.00
2019-09-09,2.1200,2.1300,-1.00
2019-09-10,2.1400,2.1300,1.00
2019-09-11,2.1500,2.1300,2.00
2019-09-12,2.2000,2.1300,7.00
2019-09-13,2.2000,2.1400,6.00
2019-09-16,2.4300,2.2500,18.00
2019-09-17,5.2500,2.3000,295.00
2019-09-18,2.5500,2.2500,30.00
2019-09-19,1.9500,1.9000,5.00
2019-09-20,1.8600,1.9000,-4.00
2019-09-23,1.8500,1.9000,-5.00
2019-09-24,1.9600,1.9000,6.00
2019-09-25,2.0100,1.9000,11.00
2019-09-26,1.8500,1.8500,0.00
2019-09-27,1.8200,1.8300,-1.00
2019-09-30,2.3500,1.9000,45.00
2019-10-01,1.8800,1.8800,0.00
2019-10-02,1.8500,1.8500,0.00
2019-10-03,1.8400,1.8300,1.00
2019-10-04,1.8200,1.8200,0.00
2019-10-07,1.8300,1.8200,1.00
2019-10-08,1.8500,1.8200,3.00
2019-10-09,1.8500,1.8200,3.00
2019-10-10,1.8500,1.8200,3.00
2019-10-11,1.8500,1.8200,3.00
2019-10-15,2.0000,1.9000,10.00
2019-10-16,2.0500,1.9000,15.00
2019-10-17,1.9500,1.8500,10.00
2019-10-18,1.8800,1.8500,3.00
2019-10-21,1.8600,1.8500,1.00
2019-10-22,1.8700,1.8500,2.00
2019-10-23,1.8700,1.8500,2.00
2019-10-24,1.8600,1.8500,1.00
2019-10-25,1.8400,1.8300,1.00
2019-10-28,1.8200,1.8300,-1.00
2019-10-29,1.8100,1.8200,-1.00
2019-10-30,1.8200,1.8200,0.00
2019-10-31,1.7600,1.5800,18.00
2019-11-01,1.5800,1.5700,1.00
2019-11-04,1.5600,1.5600,0.00
2019-11-05,1.5800,1.5600,2.00
2019-11-06,1.5700,1.5500,2.00
2019-11-07,1.5600,1.5500,1.00
2019-11-08,1.5600,1.5500,1.00
2019-11-12,1.5700,1.5500,2.00
2019-11-13,1.5700,1.5500,2.00
2019-11-14,1.5800,1.5500,3.00
2019-11-15,1.5900,1.5500,4.00
2019-11-18,1.5600,1.5500,1.00
2019-11-19,1.5700,1.5500,2.00
2019-11-20,1.5700,1.5500,2.00
2019-11-21,1.5800,1.5500,3.00
2019-11-22,1.5800,1.5500,3.00
2019-11-25,1.5600,1.5500,1.00
2019-11-26,1.5400,1.5500,-1.00
2019-11-27,1.5500,1.5500,0.00
2019-11-29,1.6500,1.5600,9.00
2019-12-02,1.6300,1.5600,7.00
2019-12-03,1.5500,1.5500,0.00
2019-12-04,1.5400,1.5500,-1.00
2019-12-05,1.5500,1.5500,0.00
2019-12-06,1.5500,1.5500,0.00
2019-12-09,1.5600,1.5500,1.00
2019-12-10,1.5500,1.5500,0.00
2019-12-11,1.5400,1.5500,-1.00
2019-12-12,1.5300,1.5500,-2.00
2019-12-13,1.5400,1.5500,-1.00
2019-12-16,1.6200,1.5600,6.00
2019-12-17,1.5400,1.5500,-1.00
2019-12-18,1.5300,1.5500,-2.00
2019-12-19,1.5300,1.5500,-2.00
2019-12-20,1.5300,1.5500,-2.00
2019-12-23,1.5200,1.5500,-3.00
2019-12-24,1.5200,1.5500,-3.00
2019-12-26,1.5200,1.5500,-3.00
2019-12-27,1.5300,1.5500,-2.00
2019-12-30,1.5400,1.5500,-1.00
2019-12-31,1.5500,1.5500,0.00
2020-01-02,1.5400,1.5500,-1.00
2020-01-03,1.5500,1.5500,0.00
2020-01-06,1.5500,1.5500,0.00
2020-01-07,1.5600,1.5500,1.00
2020-01-08,1.5500,1.5500,0.00
2020-01-09,1.5500,1.5500,0.00
2020-01-10,1.5500,1.5400,1.00
2020-01-13,1.5400,1.5400,0.00
2020-01-14,1.5500,1.5400,1.00
2020-01-15,1.5600,1.5400,2.00
2020-01-16,1.5500,1.5400,1.00
2020-01-17,1.5400,1.5500,-1.00
2020-01-21,1.5400,1.5500,-1.00
2020-01-22,1.5400,1.5500,-1.00
2020-01-23,1.5400,1.5500,-1.00
2020-01-24,1.5300,1.5500,-2.00
2020-01-27,1.5300,1.5500,-2.00
2020-01-28,1.5300,1.5500,-2.00
2020-01-29,1.5300,1.5500,-2.00
2020-01-30,1.5800,1.6000,-2.00
2020-01-31,1.6000,1.5900,1.00
2020-02-03,1.5900,1.5900,0.00
2020-02-04,1.6000,1.5900,1.00
2020-02-05,1.5900,1.5900,0.00
2020-02-06,1.5900,1.5900,0.00
2020-02-07,1.5800,1.5800,0.00
2020-02-10,1.5800,1.5800,0.00
2020-02-11,1.5800,1.5800,0.00
2020-02-12,1.5700,1.5800,-1.00
2020-02-13,1.5700,1.5800,-1.00
2020-02-14,1.5800,1.5800,0.00
2020-02-18,1.6000,1.5900,1.00
2020-02-19,1.5900,1.5900,0.00
2020-02-20,1.6000,1.5900,1.00
2020-02-21,1.5800,1.5800,0.00
2020-02-24,1.5800,1.5800,0.00
2020-02-25,1.5900,1.5800,1.00
2020-02-26,1.5800,1.5800,0.00
2020-02-27,1.5800,1.5800,0.00
2020-02-28,1.6000,1.5800,2.00
2020-03-02,1.5900,1.5900,0.00
2020-03-03,1.6400,1.5900,5.00
2020-03-04,1.2300,1.0900,14.00
2020-03-05,1.1200,1.0900,3.00
2020-03-06,1.1000,1.0900,1.00
2020-03-09,1.0900,1.0900,0.00
2020-03-10,1.1100,1.0900,2.00
2020-03-11,1.1500,1.0900,6.00
2020-03-12,1.2000,1.1000,10.00
2020-03-13,1.1000,1.1000,0.00
2020-03-16,0.2600,0.2500,1.00
2020-03-17,0.5400,0.2500,29.00
2020-03-18,0.1000,0.2500,-15.00
2020-03-19,0.0600,0.2000,-14.00
2020-03-20,0.0400,0.1500,-11.00
2020-03-23,0.0200,0.1500,-13.00
2020-03-24,0.0100,0.1200,-11.00
2020-03-25,0.0100,0.1000,-9.00
2020-03-26,0.0100,0.1000,-9.00
2020-03-27,0.0100,0.1000,-9.00
2020-03-30,0.0100,0.0900,-8.00
2020-03-31,0.0100,0.0800,-7.00
2020-04-01,0.0100,0.0600,-5.00
2020-04-02,0.0100,0.0500,-4.00
2020-04-03,0.0100,0.0500,-4.00
2020-04-06,0.0100,0.0500,-4.00
2020-04-07,0.0100,0.0500,-4.00
2020-04-08,0.0100,0.0500,-4.00
2020-04-09,0.0100,0.0500,-4.00
2020-04-13,0.0200,0.0500,-3.00
2020-04-14,0.0600,0.0500,1.00
2020-04-15,0.0300,0.0500,-2.00
2020-04-16,0.0300,0.0500,-2.00
2020-04-17,0.0300,0.0500,-2.00
2020-04-20,0.0200,0.0500,-3.00
2020-04-21,0.0100,0.0500,-4.00
2020-04-22,0.0100,0.0500,-4.00
2020-04-23,0.0100,0.0400,-3.00
2020-04-24,0.0300,0.0500,-2.00
2020-04-27,0.0300,0.0400,-1.00
2020-04-28,0.0100,0.0400,-3.00
2020-04-29,0.0100,0.0400,-3.00
2020-04-30,0.0400,0.0500,-1.00
2020-05-01,0.0300,0.0500,-2.00
2020-05-04,0.0500,0.0500,0.00
2020-05-05,0.0500,0.0500,0.00
2020-05-06,0.0500,0.0500,0.00
2020-05-07,0.0500,0.0500,0.00
2020-05-08,0.0600,0.0500,1.00
2020-05-11,0.0600,0.0500,1.00
2020-05-12,0.0600,0.0500,1.00
2020-05-13,0.0400,0.0500,-1.00
2020-05-14,0.0200,0.0500,-3.00
2020-05-15,0.0500,0.0500,0.00
2020-05-18,0.0400,0.0500,-1.00
2020-05-19,0.0400,0.0500,-1.00
2020-05-20,0.0100,0.0500,-4.00
2020-05-21,0.0200,0.0500,-3.00
2020-05-22,0.0400,0.0500,-1.00
2020-05-26,0.0600,0.0500,1.00
2020-05-27,0.0600,0.0500,1.00
2020-05-28,0.0600,0.0500,1.00
2020-05-29,0.0600,0.0500,1.00
2020-06-01,0.0600,0.0500,1.00
2020-06-02,0.0700,0.0600,1.00
2020-06-03,0.0600,0.0600,0.00
2020-06-04,0.0700,0.0600,1.00
2020-06-05,0.0700,0.0700,0.00
2020-06-08,0.0700,0.0700,0.00
2020-06-09,0.0800,0.0700,1.00
2020-06-10,0.0700,0.0800,-1.00
2020-06-11,0.0800,0.0800,0.00
2020-06-12,0.0800,0.0800,0.00
2020-06-15,0.0900,0.0900,0.00
2020-06-16,0.0900,0.0900,0.00
2020-06-17,0.0900,0.0900,0.00
2020-06-18,0.0900,0.0900,0.00
2020-06-19,0.0900,0.0900,0.00
2020-06-22,0.0800,0.0800,0.00
2020-06-23,0.0700,0.0800,-1.00
2020-06-24,0.0800,0.0800,0.00
2020-06-25,0.0900,0.0800,1.00
2020-06-26,0.0800,0.0800,0.00
2020-06-29,0.0800,0.0800,0.00
2020-06-30,0.1000,0.0800,2.00
2020-07-01,0.1100,0.0800,3.00
2020-07-02,0.1100,0.0900,2.00
2020-07-06,0.1000,0.0900,1.00
2020-07-07,0.1000,0.0900,1.00
2020-07-08,0.1000,0.0900,1.00
2020-07-09,0.1000,0.0900,1.00
2020-07-10,0.1000,0.0900,1.00
2020-07-13,0.1000,0.0900,1.00
2020-07-14,0.1100,0.0900,2.00
2020-07-15,0.1300,0.1000,3.00
2020-07-16,0.1200,0.1000,2.00
2020-07-17,0.1200,0.0900,3.00
2020-07-20,0.1200,0.1000,2.00
2020-07-21,0.1100,0.1000,1.00
2020-07-22,0.1000,0.0900,1.00
2020-07-23,0.1000,0.0900,1.00
2020-07-24,0.1000,0.0900,1.00
2020-07-27,0.1000,0.1000,0.00
2020-07-28,0.1000,0.1000,0.00
2020-07-29,0.0900,0.1000,-1.00
2020-07-30,0.1000,0.1000,0.00
2020-07-31,0.1000,0.1000,0.00
2020-08-03,0.1000,0.1000,0.00
2020-08-04,0.0900,0.1000,-1.00
2020-08-05,0.0900,0.1000,-1.00
2020-08-06,0.0900,0.1000,-1.00
2020-08-07,0.0900,0.1000,-1.00
2020-08-10,0.0900,0.1000,-1.00
2020-08-11,0.1000,0.1000,0.00
2020-08-12,0.0900,0.1000,-1.00
2020-08-13,0.0900,0.1000,-1.00
2020-08-14,0.0900,0.1000,-1.00
2020-08-17,0.1000,0.1000,0.00
2020-08-18,0.0900,0.0900,0.00
2020-08-19,0.0900,0.0900,0.00
2020-08-20,0.0700,0.0900,-2.00
2020-08-21,0.0700,0.0900,-2.00
2020-08-24,0.0800,0.0900,-1.00
2020-08-25,0.0800,0.0900,-1.00
2020-08-26,0.0700,0.0900,-2.00
2020-08-27,0.0700,0.0800,-1.00
2020-08-28,0.0700,0.0900,-2.00
2020-08-31,0.0900,0.0900,0.00
2020-09-01,0.0900,0.0900,0.00
2020-09-02,0.0900,0.0900,0.00
2020-09-03,0.1000,0.0900,1.00
2020-09-04,0.0900,0.0900,0.00
2020-09-08,0.0900,0.0900,0.00
2020-09-09,0.0900,0.0900,0.00
2020-09-10,0.0900,0.0900,0.00
2020-09-11,0.0900,0.0900,0.00
2020-09-14,0.0900,0.0900,0.00
2020-09-15,0.1000,0.0900,1.00
2020-09-16,0.1000,0.0900,1.00
2020-09-17,0.1000,0.0900,1.00
2020-09-18,0.0900,0.0900,0.00
2020-09-21,0.0800,0.0900,-1.00
2020-09-22,0.0700,0.0900,-2.00
2020-09-23,0.0600,0.0900,-3.00
2020-09-24,0.0700,0.0900,-2.00
2020-09-25,0.0800,0.0900,-1.00
2020-09-28,0.0800,0.0900,-1.00
2020-09-29,0.0700,0.0900,-2.00
2020-09-30,0.0800,0.0900,-1.00
2020-10-01,0.0800,0.0900,-1.00
2020-10-02,0.1000,0.0900,1.00
2020-10-05,0.0900,0.0900,0.00
2020-10-06,0.1000,0.0900,1.00
2020-10-07,0.0900,0.0900,0.00
2020-10-08,0.0800,0.0900,-1.00
2020-10-09,0.0900,0.0900,0.00
2020-10-13,0.0900,0.0900,0.00
2020-10-14,0.0900,0.0900,0.00
2020-10-15,0.1000,0.0900,1.00
2020-10-16,0.0900,0.0900,0.00
2020-10-19,0.0900,0.0900,0.00
2020-10-20,0.0800,0.0900,-1.00
2020-10-21,0.0700,0.0900,-2.00
2020-10-22,0.0700,0.0900,-2.00
2020-10-23,0.0800,0.0900,-1.00
2020-10-26,0.0900,0.0900,0.00
2020-10-27,0.0900,0.0900,0.00
2020-10-28,0.0800,0.0900,-1.00
2020-10-29,0.0900,0.0900,0.00
2020-10-30,0.0900,0.0900,0.00
2020-11-02,0.1100,0.0900,2.00
2020-11-03,0.1000,0.0900,1.00
2020-11-04,0.1000,0.0900,1.00
2020-11-05,0.1100,0.0900,2.00
2020-11-06,0.1000,0.0900,1.00
2020-11-09,0.1000,0.0900,1.00
2020-11-10,0.1000,0.0900,1.00
2020-11-12,0.0900,0.0900,0.00
2020-11-13,0.0900,0.0900,0.00
2020-11-16,0.1000,0.0900,1.00
2020-11-17,0.0900,0.0900,0.00
2020-11-18,0.0700,0.0900,-2.00
2020-11-19,0.0600,0.0800,-2.00
2020-11-20,0.0500,0.0800,-3.00
2020-11-23,0.0500,0.0800,-3.00
2020-11-24,0.0700,0.0800,-1.00
2020-11-25,0.0800,0.0800,0.00
2020-11-27,0.0800,0.0800,0.00
2020-11-30,0.0900,0.0900,0.00
2020-12-01,0.0800,0.0900,-1.00
2020-12-02,0.0800,0.0900,-1.00
2020-12-03,0.0800,0.0900,-1.00
2020-12-04,0.0900,0.0900,0.00
2020-12-07,0.0800,0.0900,-1.00
2020-12-08,0.0700,0.0900,-2.00
2020-12-09,0.0800,0.0900,-1.00
2020-12-10,0.0800,0.0900,-1.00
2020-12-11,0.0800,0.0900,-1.00
2020-12-14,0.0800,0.0900,-1.00
2020-12-15,0.0900,0.0900,0.00
2020-12-16,0.0900,0.0900,0.00
2020-12-17,0.0900,0.0900,0.00
2020-12-18,0.0900,0.0900,0.00
2020-12-21,0.0900,0.0900,0.00
2020-12-22,0.0700,0.0900,-2.00
2020-12-23,0.0600,0.0900,-3.00
2020-12-24,0.0800,0.0900,-1.00
2020-12-28,0.0900,0.0900,0.00
2020-12-29,0.1000,0.0900,1.00
2020-12-30,0.0900,0.0900,0.00
2020-12-31,0.0700,0.0900,-2.00
2021-01-04,0.1000,0.0900,1.00
2021-01-05,0.1100,0.0900,2.00
2021-01-06,0.1000,0.0900,1.00
2021-01-07,0.1000,0.0900,1.00
2021-01-08,0.0900,0.0900,0.00
2021-01-11,0.0900,0.0900,0.00
2021-01-12,0.0800,0.0900,-1.00
2021-01-13,0.0800,0.0900,-1.00
2021-01-14,0.0800,0.0900,-1.00
2021-01-15,0.0800,0.0900,-1.00
2021-01-19,0.0700,0.0900,-2.00
2021-01-20,0.0600,0.0900,-3.00
2021-01-21,0.0400,0.0800,-4.00
2021-01-22,0.0500,0.0800,-3.00
2021-01-25,0.0600,0.0800,-2.00
2021-01-26,0.0300,0.0800,-5.00
2021-01-27,0.0300,0.0800,-5.00
2021-01-28,0.0400,0.0700,-3.00
2021-01-29,0.0600,0.0700,-1.00
2021-02-01,0.0700,0.0800,-1.00
2021-02-02,0.0700,0.0800,-1.00
2021-02-03,0.0700,0.0800,-1.00
2021-02-04,0.0500,0.0800,-3.00
2021-02-05,0.0200,0.0800,-6.00
2021-02-08,0.0200,0.0700,-5.00
2021-02-09,0.0500,0.0800,-3.00
2021-02-10,0.0600,0.0800,-2.00
2021-02-11,0.0600,0.0800,-2.00
2021-02-12,0.0500,0.0800,-3.00
2021-02-16,0.0600,0.0800,-2.00
2021-02-17,0.0600,0.0800,-2.00
2021-02-18,0.0300,0.0700,-4.00
2021-02-19,0.0200,0.0700,-5.00
2021-02-22,0.0300,0.0700,-4.00
2021-02-23,0.0100,0.0700,-6.00
2021-02-24,0.0200,0.0700,-5.00
2021-02-25,0.0300,0.0700,-4.00
2021-02-26,0.0100,0.0700,-6.00
2021-03-01,0.0200,0.0700,-5.00
2021-03-02,0.0400,0.0700,-3.00
2021-03-03,0.0400,0.0700,-3.00
2021-03-04,0.0200,0.0700,-5.00
2021-03-05,0.0200,0.0700,-5.00
2021-03-08,0.0200,0.0700,-5.00
2021-03-09,0.0200,0.0700,-5.00
2021-03-10,0.0200,0.0700,-5.00
2021-03-11,0.0100,0.0700,-6.00
2021-03-12,0.0100,0.0700,-6.00
2021-03-15,0.0100,0.0700,-6.00
2021-03-16,0.0100,0.0700,-6.00
2021-03-17,0.0100,0.0700,-6.00
2021-03-18,0.0100,0.0700,-6.00
2021-03-19,0.0100,0.0700,-6.00
2021-03-22,0.0100,0.0700,-6.00
2021-03-23,0.0100,0.0700,-6.00
2021-03-24,0.0100,0.0700,-6.00
2021-03-25,0.0100,0.0700,-6.00
2021-03-26,0.0100,0.0700,-6.00
2021-03-29,0.0100,0.0700,-6.00
2021-03-30,0.0100,0.0700,-6.00
2021-03-31,0.0100,0.0600,-5.00
2021-04-01,0.0100,0.0700,-6.00
2021-04-05,0.0100,0.0700,-6.00
2021-04-06,0.0100,0.0700,-6.00
2021-04-07,0.0100,0.0700,-6.00
2021-04-08,0.0100,0.0700,-6.00
2021-04-09,0.0100,0.0700,-6.00
2021-04-12,0.0100,0.0700,-6.00
2021-04-13,0.0100,0.0700,-6.00
2021-04-14,0.0100,0.0700,-6.00
2021-04-15,0.0100,0.0700,-6.00
2021-04-16,0.0100,0.0700,-6.00
2021-04-19,0.0100,0.0700,-6.00
2021-04-20,0.0100,0.0700,-6.00
2021-04-21,0.0100,0.0700,-6.00
2021-04-22,0.0100,0.0700,-6.00
2021-04-23,0.0100,0.0700,-6.00
2021-04-26,0.0100,0.0700,-6.00
2021-04-27,0.0100,0.0700,-6.00
2021-04-28,0.0100,0.0700,-6.00
2021-04-29,0.0100,0.0600,-5.00
2021-04-30,0.0100,0.0500,-4.00
2021-05-03,0.0100,0.0600,-5.00
2021-05-04,0.0100,0.0600,-5.00
2021-05-05,0.0100,0.0600,-5.00
2021-05-06,0.0100,0.0600,-5.00
2021-05-07,0.0100,0.0600,-5.00
2021-05-10,0.0100,0.0600,-5.00
2021-05-11,0.0100,0.0600,-5.00
2021-05-12,0.0100,0.0600,-5.00
2021-05-13,0.0100,0.0600,-5.00
2021-05-14,0.0100,0.0600,-5.00
2021-05-17,0.0100,0.0600,-5.00
2021-05-18,0.0100,0.0600,-5.00
2021-05-19,0.0100,0.0600,-5.00
2021-05-20,0.0100,0.0600,-5.00
2021-05-21,0.0100,0.0600,-5.00
2021-05-24,0.0100,0.0600,-5.00
2021-05-25,0.0100,0.0600,-5.00
2021-05-26,0.0100,0.0600,-5.00
2021-05-27,0.0100,0.0600,-5.00
2021-05-28,0.0100,0.0500,-4.00
2021-06-01,0.0100,0.0600,-5.00
2021-06-02,0.0100,0.0600,-5.00
2021-06-03,0.0100,0.0600,-5.00
2021-06-04,0.0100,0.0600,-5.00
2021-06-07,0.0100,0.0600,-5.00
2021-06-08,0.0100,0.0600,-5.00
2021-06-09,0.0100,0.0600,-5.00
2021-06-10,0.0100,0.0600,-5.00
2021-06-11,0.0100,0.0600,-5.00
2021-06-14,0.0100,0.0600,-5.00
2021-06-15,0.0100,0.0600,-5.00
2021-06-16,0.0100,0.0600,-5.00
2021-06-17,0.0500,0.1000,-5.00
2021-06-18,0.0500,0.1000,-5.00
2021-06-21,0.0500,0.1000,-5.00
2021-06-22,0.0500,0.1000,-5.00
2021-06-23,0.0500,0.1000,-5.00
2021-06-24,0.0500,0.1000,-5.00
2021-06-25,0.0500,0.1000,-5.00
2021-06-28,0.0500,0.1000,-5.00
2021-06-29,0.0500,0.1000,-5.00
2021-06-30,0.0500,0.0800,-3.00
2021-07-01,0.0500,0.1000,-5.00
2021-07-02,0.0500,0.1000,-5.00
2021-07-06,0.0500,0.1000,-5.00
2021-07-07,0.0500,0.1000,-5.00
2021-07-08,0.0500,0.1000,-5.00
2021-07-09,0.0500,0.1000,-5.00
2021-07-12,0.0500,0.1000,-5.00
2021-07-13,0.0500,0.1000,-5.00
2021-07-14,0.0500,0.1000,-5.00
2021-07-15,0.0500,0.1000,-5.00
2021-07-16,0.0500,0.1000,-5.00
2021-07-19,0.0500,0.1000,-5.00
2021-07-20,0.0500,0.1000,-5.00
2021-07-21,0.0500,0.1000,-5.00
2021-07-22,0.0500,0.1000,-5.00
2021-07-23,0.0500,0.1000,-5.00
2021-07-26,0.0500,0.1000,-5.00
2021-07-27,0.0500,0.1000,-5.00
2021-07-28,0.0500,0.1000,-5.00
2021-07-29,0.0500,0.1000,-5.00
2021-07-30,0.0500,0.0700,-2.00
2021-08-02,0.0500,0.1000,-5.00
2021-08-03,0.0500,0.1000,-5.00
2021-08-04,0.0500,0.1000,-5.00
2021-08-05,0.0500,0.1000,-5.00
2021-08-06,0.0500,0.1000,-5.00
2021-08-09,0.0500,0.1000,-5.00
2021-08-10,0.0500,0.1000,-5.00
2021-08-11,0.0500,0.1000,-5.00
2021-08-12,0.0500,0.1000,-5.00
2021-08-13,0.0500,0.1000,-5.00
2021-08-16,0.0500,0.1000,-5.00
2021-08-17,0.0500,0.1000,-5.00
2021-08-18,0.0500,0.0900,-4.00
2021-08-19,0.0500,0.0900,-4.00
2021-08-20,0.0500,0.0900,-4.00
2021-08-23,0.0500,0.0900,-4.00
2021-08-24,0.0500,0.0900,-4.00
2021-08-25,0.0500,0.0900,-4.00
2021-08-26,0.0500,0.0900,-4.00
2021-08-27,0.0500,0.0800,-3.00
2021-08-30,0.0500,0.0800,-3.00
2021-08-31,0.0500,0.0600,-1.00
2021-09-01,0.0500,0.0800,-3.00
2021-09-02,0.0500,0.0800,-3.00
2021-09-03,0.0500,0.0800,-3.00
2021-09-07,0.0500,0.0800,-3.00
2021-09-08,0.0500,0.0800,-3.00
2021-09-09,0.0500,0.0800,-3.00
2021-09-10,0.0500,0.0800,-3.00
2021-09-13,0.0500,0.0800,-3.00
2021-09-14,0.0500,0.0800,-3.00
2021-09-15,0.0500,0.0800,-3.00
2021-09-16,0.0500,0.0800,-3.00
2021-09-17,0.0500,0.0800,-3.00
2021-09-20,0.0500,0.0800,-3.00
2021-09-21,0.0500,0.0800,-3.00
2021-09-22,0.0500,0.0800,-3.00
2021-09-23,0.0500,0.0800,-3.00
2021-09-24,0.0500,0.0800,-3.00
2021-09-27,0.0500,0.0800,-3.00
2021-09-28,0.0500,0.0800,-3.00
2021-09-29,0.0500,0.0800,-3.00
2021-09-30,0.0500,0.0600,-1.00
2021-10-01,0.0500,0.0800,-3.00
2021-10-04,0.0500,0.0800,-3.00
2021-10-05,0.0500,0.0800,-3.00
2021-10-06,0.0500,0.0800,-3.00
2021-10-07,0.0500,0.0800,-3.00
2021-10-08,0.0500,0.0800,-3.00
2021-10-12,0.0500,0.0800,-3.00
2021-10-13,0.0500,0.0800,-3.00
2021-10-14,0.0500,0.0800,-3.00
2021-10-15,0.0500,0.0800,-3.00
2021-10-18,0.0500,0.0800,-3.00
2021-10-19,0.0300,0.0800,-5.00
2021-10-20,0.0300,0.0800,-5.00
2021-10-21,0.0300,0.0800,-5.00
2021-10-22,0.0500,0.0800,-3.00
2021-10-25,0.0400,0.0800,-4.00
2021-10-26,0.0500,0.0800,-3.00
2021-10-27,0.0500,0.0800,-3.00
2021-10-28,0.0500,0.0800,-3.00
2021-10-29,0.0500,0.0700,-2.00
2021-11-01,0.0500,0.0800,-3.00
2021-11-02,0.0500,0.0800,-3.00
2021-11-03,0.0500,0.0800,-3.00
2021-11-04,0.0500,0.0800,-3.00
2021-11-05,0.0500,0.0800,-3.00
2021-11-08,0.0500,0.0800,-3.00
2021-11-09,0.0500,0.0800,-3.00
2021-11-10,0.0500,0.0800,-3.00
2021-11-12,0.0500,0.0800,-3.00
2021-11-15,0.0500,0.0800,-3.00
2021-11-16,0.0500,0.0800,-3.00
2021-11-17,0.0500,0.0800,-3.00
2021-11-18,0.0500,0.0800,-3.00
2021-11-19,0.0500,0.0800,-3.00
2021-11-22,0.0500,0.0800,-3.00
2021-11-23,0.0500,0.0800,-3.00
2021-11-24,0.0500,0.0800,-3.00
2021-11-26,0.0500,0.0800,-3.00
2021-11-29,0.0500,0.0800,-3.00
2021-11-30,0.0500,0.0700,-2.00
2021-12-01,0.0500,0.0800,-3.00
2021-12-02,0.0500,0.0800,-3.00
2021-12-03,0.0500,0.0800,-3.00
2021-12-06,0.0500,0.0800,-3.00
2021-12-07,0.0500,0.0800,-3.00
2021-12-08,0.0500,0.0800,-3.00
2021-12-09,0.0500,0.0800,-3.00
2021-12-10,0.0500,0.0800,-3.00
2021-12-13,0.0500,0.0800,-3.00
2021-12-14,0.0500,0.0800,-3.00
2021-12-15,0.0500,0.0800,-3.00
2021-12-16,0.0500,0.0800,-3.00
2021-12-17,0.0500,0.0800,-3.00
2021-12-20,0.0400,0.0800,-4.00
2021-12-21,0.0500,0.0800,-3.00
2021-12-22,0.0500,0.0800,-3.00
2021-12-23,0.0500,0.0800,-3.00
2021-12-27,0.0500,0.0800,-3.00
2021-12-28,0.0500,0.0800,-3.00
2021-12-29,0.0500,0.0800,-3.00
2021-12-30,0.0500,0.0800,-3.00
2021-12-31,0.0500,0.0700,-2.00
2022-01-03,0.0500,0.0800,-3.00
2022-01-04,0.0500,0.0800,-3.00
2022-01-05,0.0500,0.0800,-3.00
2022-01-06,0.0500,0.0800,-3.00
2022-01-07,0.0500,0.0800,-3.00
2022-01-10,0.0500,0.0800,-3.00
2022-01-11,0.0500,0.0800,-3.00
2022-01-12,0.0500,0.0800,-3.00
2022-01-13,0.0500,0.0800,-3.00
2022-01-14,0.0500,0.0800,-3.00
2022-01-18,0.0500,0.0800,-3.00
2022-01-19,0.0500,0.0800,-3.00
2022-01-20,0.0400,0.0800,-4.00
2022-01-21,0.0500,0.0800,-3.00
2022-01-24,0.0400,0.0800,-4.00
2022-01-25,0.0500,0.0800,-3.00
2022-01-26,0.0400,0.0800,-4.00
2022-01-27,0.0400,0.0800,-4.00
2022-01-28,0.0500,0.0800,-3.00
2022-01-31,0.0500,0.0800,-3.00
2022-02-01,0.0500,0.0800,-3.00
2022-02-02,0.0500,0.0800,-3.00
2022-02-03,0.0500,0.0800,-3.00
2022-02-04,0.0500,0.0800,-3.00
2022-02-07,0.0500,0.0800,-3.00
2022-02-08,0.0500,0.0800,-3.00
2022-02-09,0.0400,0.0800,-4.00
2022-02-10,0.0500,0.0800,-3.00
2022-02-11,0.0500,0.0800,-3.00
2022-02-14,0.0500,0.0800,-3.00
2022-02-15,0.0500,0.0800,-3.00
2022-02-16,0.0500,0.0800,-3.00
2022-02-17,0.0500,0.0800,-3.00
2022-02-18,0.0500,0.0800,-3.00
2022-02-22,0.0500,0.0800,-3.00
2022-02-23,0.0500,0.0800,-3.00
2022-02-24,0.0500,0.0800,-3.00
2022-02-25,0.0500,0.0800,-3.00
2022-02-28,0.0500,0.0800,-3.00
2022-03-01,0.0500,0.0800,-3.00
2022-03-02,0.0500,0.0800,-3.00
2022-03-03,0.0500,0.0800,-3.00
2022-03-04,0.0500,0.0800,-3.00
2022-03-07,0.0500,0.0800,-3.00
2022-03-08,0.0500,0.0800,-3.00
2022-03-09,0.0500,0.0800,-3.00
2022-03-10,0.0500,0.0800,-3.00
2022-03-11,0.0500,0.0800,-3.00
2022-03-14,0.0500,0.0800,-3.00
2022-03-15,0.0500,0.0800,-3.00
2022-03-16,0.0500,0.0800,-3.00
2022-03-17,0.3000,0.3300,-3.00
2022-03-18,0.3000,0.3300,-3.00
2022-03-21,0.2900,0.3300,-4.00
2022-03-22,0.2800,0.3300,-5.00
2022-03-23,0.2700,0.3300,-6.00
2022-03-24,0.2700,0.3300,-6.00
2022-03-25,0.2800,0.3300,-5.00
2022-03-28,0.2800,0.3300,-5.00
2022-03-29,0.2800,0.3300,-5.00
2022-03-30,0.2700,0.3300,-6.00
2022-03-31,0.2900,0.3300,-4.00
2022-04-01,0.3000,0.3300,-3.00
2022-04-04,0.3000,0.3300,-3.00
2022-04-05,0.3000,0.3300,-3.00
2022-04-06,0.3000,0.3300,-3.00
2022-04-07,0.3000,0.3300,-3.00
2022-04-08,0.3000,0.3300,-3.00
2022-04-11,0.3000,0.3300,-3.00
2022-04-12,0.2900,0.3300,-4.00
2022-04-13,0.2900,0.3300,-4.00
2022-04-14,0.2900,0.3300,-4.00
2022-04-18,0.2900,0.3300,-4.00
2022-04-19,0.2800,0.3300,-5.00
2022-04-20,0.2700,0.3300,-6.00
2022-04-21,0.2600,0.3300,-7.00
2022-04-22,0.2700,0.3300,-6.00
2022-04-25,0.2700,0.3300,-6.00
2022-04-26,0.2700,0.3300,-6.00
2022-04-27,0.2800,0.3300,-5.00
2022-04-28,0.2800,0.3300,-5.00
2022-04-29,0.2800,0.3300,-5.00
2022-05-02,0.3000,0.3300,-3.00
2022-05-03,0.3000,0.3300,-3.00
2022-05-04,0.3000,0.3300,-3.00
2022-05-05,0.7900,0.8300,-4.00
2022-05-06,0.7800,0.8300,-5.00
2022-05-09,0.7800,0.8300,-5.00
2022-05-10,0.7800,0.8300,-5.00
2022-05-11,0.7800,0.8300,-5.00
2022-05-12,0.7900,0.8300,-4.00
2022-05-13,0.7900,0.8300,-4.00
2022-05-16,0.8000,0.8300,-3.00
2022-05-17,0.8000,0.8300,-3.00
2022-05-18,0.7900,0.8300,-4.00
2022-05-19,0.7900,0.8300,-4.00
2022-05-20,0.7800,0.8300,-5.00
2022-05-23,0.7800,0.8300,-5.00
2022-05-24,0.7800,0.8300,-5.00
2022-05-25,0.7800,0.8300,-5.00
2022-05-26,0.7800,0.8300,-5.00
2022-05-27,0.7800,0.8300,-5.00
2022-05-31,0.7900,0.8300,-4.00
2022-06-01,0.8000,0.8300,-3.00
2022-06-02,0.7900,0.8300,-4.00
2022-06-03,0.7800,0.8300,-5.00
2022-06-06,0.7800,0.8300,-5.00
2022-06-07,0.7700,0.8300,-6.00
2022-06-08,0.7600,0.8300,-7.00
2022-06-09,0.7500,0.8300,-8.00
2022-06-10,0.7500,0.8300,-8.00
2022-06-13,0.7300,0.8300,-10.00
2022-06-14,0.6900,0.8300,-14.00
2022-06-15,0.7000,0.8300,-13.00
2022-06-16,1.4500,1.5800,-13.00
2022-06-17,1.4500,1.5800,-13.00
2022-06-21,1.4500,1.5800,-13.00
2022-06-22,1.4500,1.5800,-13.00
2022-06-23,1.4400,1.5800,-14.00
2022-06-24,1.4600,1.5800,-12.00
2022-06-27,1.5000,1.5800,-8.00
2022-06-28,1.5200,1.5800,-6.00
2022-06-29,1.5100,1.5800,-7.00
2022-06-30,1.5000,1.5800,-8.00
2022-07-01,1.5200,1.5800,-6.00
2022-07-05,1.5400,1.5800,-4.00
2022-07-06,1.5400,1.5800,-4.00
2022-07-07,1.5400,1.5800,-4.00
2022-07-08,1.5300,1.5800,-5.00
2022-07-11,1.5300,1.5800,-5.00
2022-07-12,1.5400,1.5800,-4.00
2022-07-13,1.5300,1.5800,-5.00
2022-07-14,1.5300,1.5800,-5.00
2022-07-15,1.5400,1.5800,-4.00
2022-07-18,1.5400,1.5800,-4.00
2022-07-19,1.5400,1.5800,-4.00
2022-07-20,1.5300,1.5800,-5.00
2022-07-21,1.5300,1.5800,-5.00
2022-07-22,1.5200,1.5800,-6.00
2022-07-25,1.5300,1.5800,-5.00
2022-07-26,1.5300,1.5800,-5.00
2022-07-27,1.5300,1.5800,-5.00
2022-07-28,2.2800,2.3300,-5.00
2022-07-29,2.2700,2.3200,-5.00
2022-08-01,2.2800,2.3300,-5.00
2022-08-02,2.3000,2.3300,-3.00
2022-08-03,2.2900,2.3300,-4.00
2022-08-04,2.2900,2.3300,-4.00
2022-08-05,2.2800,2.3300,-5.00
2022-08-08,2.2800,2.3300,-5.00
2022-08-09,2.2900,2.3300,-4.00
2022-08-10,2.2800,2.3300,-5.00
2022-08-11,2.2800,2.3300,-5.00
2022-08-12,2.2800,2.3300,-5.00
2022-08-15,2.2900,2.3300,-4.00
2022-08-16,2.2900,2.3300,-4.00
2022-08-17,2.2900,2.3300,-4.00
2022-08-18,2.2800,2.3300,-5.00
2022-08-19,2.2800,2.3300,-5.00
2022-08-22,2.2800,2.3300,-5.00
2022-08-23,2.2700,2.3300,-6.00
2022-08-24,2.2700,2.3300,-6.00
2022-08-25,2.2800,2.3300,-5.00
2022-08-26,2.2800,2.3300,-5.00
2022-08-29,2.2800,2.3300,-5.00
2022-08-30,2.2900,2.3300,-4.00
2022-08-31,2.2900,2.3300,-4.00
2022-09-01,2.2900,2.3300,-4.00
2022-09-02,2.2900,2.3300,-4.00
2022-09-06,2.2900,2.3300,-4.00
2022-09-07,2.2800,2.3300,-5.00
2022-09-08,2.2800,2.3300,-5.00
2022-09-09,2.2800,2.3300,-5.00
2022-09-12,2.2800,2.3300,-5.00
2022-09-13,2.2800,2.3300,-5.00
2022-09-14,2.2700,2.3300,-6.00
2022-09-15,2.2800,2.3300,-5.00
2022-09-16,2.2700,2.3300,-6.00
2022-09-19,2.2700,2.3300,-6.00
2022-09-20,2.2600,2.3300,-7.00
2022-09-21,2.2500,2.3300,-8.00
2022-09-22,2.9900,3.0800,-9.00
2022-09-23,2.9900,3.0800,-9.00
2022-09-26,2.9900,3.0800,-9.00
2022-09-27,2.9800,3.0800,-10.00
2022-09-28,2.9800,3.0800,-10.00
2022-09-29,2.9600,3.0800,-12.00
2022-09-30,2.9800,3.0800,-10.00
2022-10-03,3.0000,3.0800,-8.00
2022-10-04,3.0400,3.0800,-4.00
2022-10-05,3.0400,3.0800,-4.00
2022-10-06,3.0500,3.0800,-3.00
2022-10-07,3.0500,3.0800,-3.00
2022-10-11,3.0500,3.0800,-3.00
2022-10-12,3.0400,3.0800,-4.00
2022-10-13,3.0400,3.0800,-4.00
2022-10-14,3.0400,3.0800,-4.00
2022-10-17,3.0500,3.0800,-3.00
2022-10-18,3.0400,3.0800,-4.00
2022-10-19,3.0400,3.0800,-4.00
2022-10-20,3.0300,3.0800,-5.00
2022-10-21,3.0200,3.0800,-6.00
2022-10-24,3.0100,3.0800,-7.00
2022-10-25,3.0200,3.0800,-6.00
2022-10-26,3.0300,3.0800,-5.00
2022-10-27,3.0400,3.0800,-4.00
2022-10-28,3.0500,3.0800,-3.00
2022-10-31,3.0500,3.0800,-3.00
2022-11-01,3.0500,3.0800,-3.00
2022-11-02,3.0500,3.0800,-3.00
2022-11-03,3.8000,3.8300,-3.00
2022-11-04,3.8000,3.8300,-3.00
2022-11-07,3.7800,3.8300,-5.00
2022-11-08,3.7800,3.8300,-5.00
2022-11-09,3.7800,3.8300,-5.00
2022-11-10,3.7800,3.8300,-5.00
2022-11-14,3.7900,3.8300,-4.00
2022-11-15,3.8000,3.8300,-3.00
2022-11-16,3.8100,3.8300,-2.00
2022-11-17,3.8000,3.8300,-3.00
2022-11-18,3.8000,3.8300,-3.00
2022-11-21,3.8000,3.8300,-3.00
2022-11-22,3.8000,3.8300,-3.00
2022-11-23,3.7900,3.8300,-4.00
2022-11-25,3.8000,3.8300,-3.00
2022-11-28,3.8000,3.8300,-3.00
2022-11-29,3.8100,3.8300,-2.00
2022-11-30,3.8200,3.8300,-1.00
2022-12-01,3.8200,3.8300,-1.00
2022-12-02,3.8100,3.8300,-2.00
2022-12-05,3.8100,3.8300,-2.00
2022-12-06,3.8000,3.8300,-3.00
2022-12-07,3.8000,3.8300,-3.00
2022-12-08,3.8000,3.8300,-3.00
2022-12-09,3.8000,3.8300,-3.00
2022-12-12,3.8000,3.8300,-3.00
2022-12-13,3.8000,3.8300,-3.00
2022-12-14,3.8000,3.8300,-3.00
2022-12-15,4.3200,4.3300,-1.00
2022-12-16,4.3200,4.3300,-1.00
2022-12-19,4.3000,4.3300,-3.00
2022-12-20,4.3000,4.3300,-3.00
2022-12-21,4.3000,4.3300,-3.00
2022-12-22,4.3000,4.3300,-3.00
2022-12-23,4.3000,4.3300,-3.00
2022-12-27,4.3000,4.3300,-3.00
2022-12-28,4.3000,4.3300,-3.00
2022-12-29,4.3000,4.3300,-3.00
2022-12-30,4.3000,4.3300,-3.00
2023-01-03,4.3100,4.3300,-2.00
2023-01-04,4.3000,4.3300,-3.00
2023-01-05,4.3100,4.3300,-2.00
2023-01-06,4.3100,4.3300,-2.00
2023-01-09,4.3100,4.3300,-2.00
2023-01-10,4.3100,4.3300,-2.00
2023-01-11,4.3000,4.3300,-3.00
2023-01-12,4.3000,4.3300,-3.00
2023-01-13,4.3000,4.3300,-3.00
2023-01-17,4.3100,4.3300,-2.00
2023-01-18,4.3000,4.3300,-3.00
2023-01-19,4.3100,4.3300,-2.00
2023-01-20,4.3000,4.3300,-3.00
2023-01-23,4.3000,4.3300,-3.00
2023-01-24,4.3000,4.3300,-3.00
2023-01-25,4.3100,4.3300,-2.00
2023-01-26,4.3000,4.3300,-3.00
2023-01-27,4.3000,4.3300,-3.00
2023-01-30,4.3000,4.3300,-3.00
2023-01-31,4.3100,4.3300,-2.00
2023-02-01,4.3100,4.3300,-2.00
2023-02-02,4.5600,4.5800,-2.00
2023-02-03,4.5500,4.5800,-3.00
2023-02-06,4.5500,4.5800,-3.00
2023-02-07,4.5500,4.5800,-3.00
2023-02-08,4.5500,4.5800,-3.00
2023-02-09,4.5500,4.5700,-2.00
2023-02-10,4.5500,4.5800,-3.00
2023-02-13,4.5500,4.5800,-3.00
2023-02-14,4.5500,4.5800,-3.00
2023-02-15,4.5500,4.5800,-3.00
2023-02-16,4.5500,4.5800,-3.00
2023-02-17,4.5500,4.5800,-3.00
2023-02-21,4.5500,4.5800,-3.00
2023-02-22,4.5500,4.5800,-3.00
2023-02-23,4.5500,4.5800,-3.00
2023-02-24,4.5500,4.5800,-3.00
2023-02-27,4.5500,4.5700,-2.00
2023-02-28,4.5500,4.5700,-2.00
2023-03-01,4.5500,4.5800,-3.00
2023-03-02,4.5500,4.5700,-2.00
2023-03-03,4.5500,4.5700,-2.00
2023-03-06,4.5500,4.5700,-2.00
2023-03-07,4.5500,4.5700,-2.00
2023-03-08,4.5500,4.5700,-2.00
2023-03-09,4.5500,4.5700,-2.00
2023-03-10,4.5500,4.5700,-2.00
2023-03-13,4.5500,4.5800,-3.00
2023-03-14,4.5500,4.5800,-3.00
2023-03-15,4.5800,4.5800,0.00
2023-03-16,4.5700,4.5800,-1.00
2023-03-17,4.5500,4.5800,-3.00
2023-03-20,4.5500,4.5800,-3.00
2023-03-21,4.5500,4.5800,-3.00
2023-03-22,4.5500,4.5800,-3.00
2023-03-23,4.8000,4.8300,-3.00
2023-03-24,4.8000,4.8300,-3.00
2023-03-27,4.8100,4.8300,-2.00
2023-03-28,4.8400,4.8300,1.00
2023-03-29,4.8300,4.8300,0.00
2023-03-30,4.8200,4.8300,-1.00
2023-03-31,4.8700,4.8300,4.00
2023-04-03,4.8400,4.8300,1.00
2023-04-04,4.8300,4.8300,0.00
2023-04-05,4.8100,4.8300,-2.00
2023-04-06,4.8100,4.8300,-2.00
2023-04-10,4.8100,4.8300,-2.00
2023-04-11,4.8000,4.8300,-3.00
2023-04-12,4.8000,4.8300,-3.00
2023-04-13,4.8000,4.8300,-3.00
2023-04-14,4.8000,4.8300,-3.00
2023-04-17,4.8000,4.8300,-3.00
2023-04-18,4.8000,4.8300,-3.00
2023-04-19,4.8000,4.8300,-3.00
2023-04-20,4.8000,4.8300,-3.00
2023-04-21,4.8000,4.8300,-3.00
2023-04-24,4.8000,4.8300,-3.00
2023-04-25,4.8000,4.8300,-3.00
2023-04-26,4.8000,4.8300,-3.00
2023-04-27,4.8100,4.8300,-2.00
2023-04-28,4.8100,4.8300,-2.00
2023-05-01,4.8100,4.8300,-2.00
2023-05-02,4.8100,4.8300,-2.00
2023-05-03,4.8100,4.8300,-2.00
2023-05-04,5.0600,5.0800,-2.00
2023-05-05,5.0600,5.0800,-2.00
2023-05-08,5.0600,5.0800,-2.00
2023-05-09,5.0600,5.0800,-2.00
2023-05-10,5.0600,5.0800,-2.00
2023-05-11,5.0500,5.0800,-3.00
2023-05-12,5.0500,5.0800,-3.00
2023-05-15,5.0600,5.0800,-2.00
2023-05-16,5.0500,5.0800,-3.00
2023-05-17,5.0500,5.0800,-3.00
2023-05-18,5.0500,5.0800,-3.00
2023-05-19,5.0500,5.0800,-3.00
2023-05-22,5.0500,5.0800,-3.00
2023-05-23,5.0500,5.0800,-3.00
2023-05-24,5.0500,5.0800,-3.00
2023-05-25,5.0600,5.0800,-2.00
2023-05-26,5.0600,5.0800,-2.00
2023-05-30,5.0600,5.0800,-2.00
2023-05-31,5.0800,5.0800,0.00
2023-06-01,5.0800,5.0800,0.00
2023-06-02,5.0700,5.0800,-1.00
2023-06-05,5.0600,5.0800,-2.00
2023-06-06,5.0500,5.0800,-3.00
2023-06-07,5.0500,5.0800,-3.00
2023-06-08,5.0500,5.0800,-3.00
2023-06-09,5.0500,5.0800,-3.00
2023-06-12,5.0500,5.0800,-3.00
2023-06-13,5.0500,5.0800,-3.00
2023-06-14,5.0500,5.0800,-3.00
2023-06-15,5.0600,5.0700,-1.00
2023-06-16,5.0500,5.0800,-3.00
2023-06-20,5.0500,5.0700,-2.00
2023-06-21,5.0500,5.0700,-2.00
2023-06-22,5.0500,5.0700,-2.00
2023-06-23,5.0500,5.0700,-2.00
2023-06-26,5.0500,5.0700,-2.00
2023-06-27,5.0500,5.0700,-2.00
2023-06-28,5.0600,5.0700,-1.00
2023-06-29,5.0600,5.0700,-1.00
2023-06-30,5.0900,5.0800,1.00
2023-07-03,5.0600,5.0800,-2.00
2023-07-05,5.0600,5.0800,-2.00
2023-07-06,5.0600,5.0800,-2.00
2023-07-07,5.0600,5.0800,-2.00
2023-07-10,5.0600,5.0700,-1.00
2023-07-11,5.0600,5.0800,-2.00
2023-07-12,5.0500,5.0800,-3.00
2023-07-13,5.0600,5.0800,-2.00
2023-07-14,5.0500,5.0800,-3.00
2023-07-17,5.0600,5.0800,-2.00
2023-07-18,5.0600,5.0800,-2.00
2023-07-19,5.0500,5.0800,-3.00
2023-07-20,5.0600,5.0800,-2.00
2023-07-21,5.0500,5.0800,-3.00
2023-07-24,5.0500,5.0800,-3.00
2023-07-25,5.0600,5.0800,-2.00
2023-07-26,5.0600,5.0800,-2.00
2023-07-27,5.3100,5.3300,-2.00
2023-07-28,5.3000,5.3300,-3.00
2023-07-31,5.3100,5.3300,-2.00
2023-08-01,5.3100,5.3300,-2.00
2023-08-02,5.3000,5.3300,-3.00
2023-08-03,5.3000,5.3300,-3.00
2023-08-04,5.3000,5.3300,-3.00
2023-08-07,5.3000,5.3300,-3.00
2023-08-08,5.3000,5.3300,-3.00
2023-08-09,5.3000,5.3300,-3.00
2023-08-10,5.3000,5.3300,-3.00
2023-08-11,5.3000,5.3300,-3.00
2023-08-14,5.3000,5.3300,-3.00
2023-08-15,5.3000,5.3300,-3.00
2023-08-16,5.3000,5.3300,-3.00
2023-08-17,5.3000,5.3300,-3.00
2023-08-18,5.3000,5.3300,-3.00
2023-08-21,5.3000,5.3300,-3.00
2023-08-22,5.3000,5.3300,-3.00
2023-08-23,5.3000,5.3300,-3.00
2023-08-24,5.3000,5.3300,-3.00
2023-08-25,5.3000,5.3300,-3.00
2023-08-28,5.3000,5.3300,-3.00
2023-08-29,5.3000,5.3300,-3.00
2023-08-30,5.3000,5.3300,-3.00
2023-08-31,5.3100,5.3300,-2.00
2023-09-01,5.3100,5.3300,-2.00
2023-09-05,5.3100,5.3300,-2.00
2023-09-06,5.3000,5.3300,-3.00
2023-09-07,5.3100,5.3300,-2.00
2023-09-08,5.3000,5.3300,-3.00
2023-09-11,5.3000,5.3300,-3.00
2023-09-12,5.3000,5.3300,-3.00
2023-09-13,5.3000,5.3300,-3.00
2023-09-14,5.3000,5.3300,-3.00
2023-09-15,5.3100,5.3300,-2.00
2023-09-18,5.3100,5.3300,-2.00
2023-09-19,5.3100,5.3300,-2.00
2023-09-20,5.3000,5.3300,-3.00
2023-09-21,5.3000,5.3300,-3.00
2023-09-22,5.3000,5.3300,-3.00
2023-09-25,5.3100,5.3300,-2.00
2023-09-26,5.3100,5.3300,-2.00
2023-09-27,5.3200,5.3300,-1.00
2023-09-28,5.3100,5.3300,-2.00
2023-09-29,5.3100,5.3300,-2.00
2023-10-02,5.3200,5.3300,-1.00
2023-10-03,5.3300,5.3300,0.00
2023-10-04,5.3200,5.3300,-1.00
2023-10-05,5.3200,5.3300,-1.00
2023-10-06,5.3100,5.3300,-2.00
2023-10-10,5.3100,5.3300,-2.00
2023-10-11,5.3100,5.3300,-2.00
2023-10-12,5.3100,5.3300,-2.00
2023-10-13,5.3100,5.3300,-2.00
2023-10-16,5.3100,5.3300,-2.00
2023-10-17,5.3100,5.3300,-2.00
2023-10-18,5.3000,5.3300,-3.00
2023-10-19,5.3000,5.3300,-3.00
2023-10-20,5.3000,5.3300,-3.00
2023-10-23,5.3000,5.3300,-3.00
2023-10-24,5.3000,5.3300,-3.00
2023-10-25,5.3000,5.3300,-3.00
2023-10-26,5.3100,5.3300,-2.00
2023-10-27,5.3100,5.3300,-2.00
2023-10-30,5.3100,5.3300,-2.00
2023-10-31,5.3500,5.3300,2.00
2023-11-01,5.3200,5.3300,-1.00
2023-11-02,5.3300,5.3300,0.00
2023-11-03,5.3200,5.3300,-1.00
2023-11-06,5.3200,5.3300,-1.00
2023-11-07,5.3200,5.3300,-1.00
2023-11-08,5.3200,5.3300,-1.00
2023-11-09,5.3200,5.3300,-1.00
2023-11-10,5.3200,5.3300,-1.00
2023-11-13,5.3200,5.3300,-1.00
2023-11-14,5.3200,5.3300,-1.00
2023-11-15,5.3200,5.3300,-1.00
2023-11-16,5.3200,5.3300,-1.00
2023-11-17,5.3200,5.3300,-1.00
2023-11-20,5.3100,5.3300,-2.00
2023-11-21,5.3100,5.3300,-2.00
2023-11-22,5.3100,5.3300,-2.00
2023-11-24,5.3200,5.3300,-1.00
2023-11-27,5.3200,5.3300,-1.00
2023-11-28,5.3200,5.3300,-1.00
2023-11-29,5.3100,5.3300,-2.00
2023-11-30,5.3300,5.3300,0.00
2023-12-01,5.3900,5.3300,6.00
2023-12-04,5.3700,5.3300,4.00
2023-12-05,5.3300,5.3300,0.00
2023-12-06,5.3200,5.3300,-1.00
2023-12-07,5.3200,5.3300,-1.00
2023-12-08,5.3200,5.3300,-1.00
2023-12-11,5.3200,5.3300,-1.00
2023-12-12,5.3100,5.3300,-2.00
2023-12-13,5.3100,5.3300,-2.00
2023-12-14,5.3100,5.3300,-2.00
2023-12-15,5.3200,5.3300,-1.00
2023-12-18,5.3200,5.3300,-1.00
2023-12-19,5.3100,5.3300,-2.00
2023-12-20,5.3100,5.3300,-2.00
2023-12-21,5.3100,5.3300,-2.00
2023-12-22,5.3200,5.3300,-1.00
2023-12-26,5.3500,5.3300,2.00
2023-12-27,5.3900,5.3300,6.00
2023-12-28,5.4000,5.3300,7.00
2023-12-29,5.3800,5.3300,5.00
2024-01-02,5.4000,5.3300,7.00
2024-01-03,5.3900,5.3300,6.00
2024-01-04,5.3200,5.3300,-1.00
2024-01-05,5.3100,5.3300,-2.00
2024-01-08,5.3100,5.3300,-2.00
2024-01-09,5.3100,5.3300,-2.00
2024-01-10,5.3100,5.3300,-2.00
2024-01-11,5.3100,5.3300,-2.00
2024-01-12,5.3100,5.3300,-2.00
2024-01-16,5.3200,5.3300,-1.00
2024-01-17,5.3200,5.3300,-1.00
2024-01-18,5.3100,5.3300,-2.00
2024-01-19,5.3100,5.3300,-2.00
2024-01-22,5.3100,5.3300,-2.00
2024-01-23,5.3100,5.3300,-2.00
2024-01-24,5.3100,5.3300,-2.00
2024-01-25,5.3200,5.3300,-1.00
2024-01-26,5.3200,5.3300,-1.00
2024-01-29,5.3100,5.3300,-2.00
2024-01-30,5.3100,5.3300,-2.00
2024-01-31,5.3200,5.3300,-1.00
2024-02-01,5.3200,5.3300,-1.00
2024-02-02,5.3200,5.3300,-1.00
2024-02-05,5.3100,5.3300,-2.00
2024-02-06,5.3100,5.3300,-2.00
2024-02-07,5.3100,5.3300,-2.00
2024-02-08,5.3100,5.3300,-2.00
2024-02-09,5.3100,5.3300,-2.00
2024-02-12,5.3100,5.3300,-2.00
2024-02-13,5.3100,5.3300,-2.00
2024-02-14,5.3000,5.3300,-3.00
2024-02-15,5.3100,5.3300,-2.00
2024-02-16,5.3000,5.3300,-3.00
2024-02-20,5.3000,5.3300,-3.00
2024-02-21,5.3000,5.3300,-3.00
2024-02-22,5.3000,5.3300,-3.00
2024-02-23,5.3100,5.3300,-2.00
2024-02-26,5.3100,5.3300,-2.00
2024-02-27,5.3100,5.3300,-2.00
2024-02-28,5.3100,5.3300,-2.00
2024-02-29,5.3200,5.3300,-1.00
2024-03-01,5.3100,5.3300,-2.00
2024-03-04,5.3100,5.3300,-2.00
2024-03-05,5.3100,5.3300,-2.00
2024-03-06,5.3100,5.3300,-2.00
2024-03-07,5.3100,5.3300,-2.00
2024-03-08,5.3100,5.3300,-2.00
2024-03-11,5.3100,5.3300,-2.00
2024-03-12,5.3100,5.3300,-2.00
2024-03-13,5.3100,5.3300,-2.00
2024-03-14,5.3100,5.3300,-2.00
2024-03-15,5.3100,5.3300,-2.00
2024-03-18,5.3100,5.3300,-2.00
2024-03-19,5.3100,5.3300,-2.00
2024-03-20,5.3100,5.3300,-2.00
2024-03-21,5.3100,5.3300,-2.00
2024-03-22,5.3100,5.3300,-2.00
2024-03-25,5.3100,5.3300,-2.00
2024-03-26,5.3200,5.3300,-1.00
2024-03-27,5.3300,5.3300,0.00
2024-03-28,5.3400,5.3300,1.00
2024-04-01,5.3500,5.3300,2.00
2024-04-02,5.3400,5.3300,1.00
2024-04-03,5.3200,5.3300,-1.00
2024-04-04,5.3200,5.3300,-1.00
2024-04-05,5.3200,5.3300,-1.00
2024-04-08,5.3100,5.3300,-2.00
2024-04-09,5.3100,5.3300,-2.00
2024-04-10,5.3100,5.3300,-2.00
2024-04-11,5.3100,5.3300,-2.00
2024-04-12,5.3100,5.3300,-2.00
2024-04-15,5.3200,5.3300,-1.00
2024-04-16,5.3100,5.3300,-2.00
2024-04-17,5.3100,5.3300,-2.00
2024-04-18,5.3000,5.3300,-3.00
2024-04-19,5.3100,5.3300,-2.00
2024-04-22,5.3100,5.3300,-2.00
2024-04-23,5.3100,5.3300,-2.00
2024-04-24,5.3100,5.3300,-2.00
2024-04-25,5.3100,5.3300,-2.00
2024-04-26,5.3200,5.3300,-1.00
2024-04-29,5.3200,5.3300,-1.00
2024-04-30,5.3400,5.3300,1.00
2024-05-01,5.3200,5.3300,-1.00
2024-05-02,5.3100,5.3300,-2.00
2024-05-03,5.3100,5.3300,-2.00
2024-05-06,5.3100,5.3300,-2.00
2024-05-07,5.3100,5.3300,-2.00
2024-05-08,5.3100,5.3300,-2.00
2024-05-09,5.3100,5.3300,-2.00
2024-05-10,5.3100,5.3300,-2.00
2024-05-13,5.3100,5.3300,-2.00
2024-05-14,5.3100,5.3300,-2.00
2024-05-15,5.3100,5.3300,-2.00
2024-05-16,5.3100,5.3300,-2.00
2024-05-17,5.3100,5.3300,-2.00
2024-05-20,5.3100,5.3300,-2.00
2024-05-21,5.3100,5.3300,-2.00
2024-05-22,5.3100,5.3300,-2.00
2024-05-23,5.3100,5.3300,-2.00
2024-05-24,5.3200,5.3300,-1.00
2024-05-28,5.3200,5.3300,-1.00
2024-05-29,5.3300,5.3300,0.00
2024-05-30,5.3300,5.3300,0.00
2024-05-31,5.3400,5.3300,1.00
2024-06-03,5.3500,5.3300,2.00
2024-06-04,5.3300,5.3300,0.00
2024-06-05,5.3300,5.3300,0.00
2024-06-06,5.3300,5.3300,0.00
2024-06-07,5.3300,5.3300,0.00
2024-06-10,5.3200,5.3300,-1.00
2024-06-11,5.3200,5.3300,-1.00
2024-06-12,5.3100,5.3300,-2.00
2024-06-13,5.3100,5.3300,-2.00
2024-06-14,5.3100,5.3300,-2.00
2024-06-17,5.3300,5.3300,0.00
2024-06-18,5.3300,5.3300,0.00
2024-06-20,5.3200,5.3300,-1.00
2024-06-21,5.3100,5.3300,-2.00
2024-06-24,5.3100,5.3300,-2.00
2024-06-25,5.3300,5.3300,0.00
2024-06-26,5.3400,5.3300,1.00
2024-06-27,5.3400,5.3300,1.00
2024-06-28,5.3300,5.3300,0.00
2024-07-01,5.4000,5.3300,7.00
2024-07-02,5.3500,5.3300,2.00
2024-07-03,5.3300,5.3300,0.00
2024-07-05,5.3200,5.3300,-1.00
2024-07-08,5.3200,5.3300,-1.00
2024-07-09,5.3400,5.3300,1.00
2024-07-10,5.3400,5.3300,1.00
2024-07-11,5.3400,5.3300,1.00
2024-07-12,5.3400,5.3300,1.00
2024-07-15,5.3400,5.3300,1.00
2024-07-16,5.3500,5.3300,2.00
2024-07-17,5.3500,5.3300,2.00
2024-07-18,5.3400,5.3300,1.00
2024-07-19,5.3400,5.3300,1.00
2024-07-22,5.3300,5.3300,0.00
2024-07-23,5.3400,5.3300,1.00
2024-07-24,5.3400,5.3300,1.00
2024-07-25,5.3500,5.3300,2.00
2024-07-26,5.3500,5.3300,2.00
2024-07-29,5.3300,5.3300,0.00
2024-07-30,5.3300,5.3300,0.00
2024-07-31,5.3800,5.3300,5.00
2024-08-01,5.3500,5.3300,2.00
2024-08-02,5.3500,5.3300,2.00
2024-08-05,5.3200,5.3300,-1.00
2024-08-06,5.3300,5.3300,0.00
2024-08-07,5.3300,5.3300,0.00
2024-08-08,5.3400,5.3300,1.00
2024-08-09,5.3400,5.3300,1.00
2024-08-12,5.3400,5.3300,1.00
2024-08-13,5.3400,5.3300,1.00
2024-08-14,5.3300,5.3300,0.00
2024-08-15,5.3500,5.3300,2.00
2024-08-16,5.3200,5.3300,-1.00
2024-08-19,5.3200,5.3300,-1.00
2024-08-20,5.3200,5.3300,-1.00
2024-08-21,5.3100,5.3300,-2.00
2024-08-22,5.3100,5.3300,-2.00
2024-08-23,5.3300,5.3300,0.00
2024-08-26,5.3400,5.3300,1.00
2024-08-27,5.3500,5.3300,2.00
2024-08-28,5.3500,5.3300,2.00
2024-08-29,5.3300,5.3300,0.00
2024-08-30,5.3200,5.3300,-1.00
2024-09-03,5.3400,5.3300,1.00
2024-09-04,5.3500,5.3300,2.00
2024-09-05,5.3500,5.3300,2.00
2024-09-06,5.3400,5.3300,1.00
2024-09-09,5.3400,5.3300,1.00
2024-09-10,5.3300,5.3300,0.00
2024-09-11,5.3200,5.3300,-1.00
2024-09-12,5.3300,5.3300,0.00
2024-09-13,5.3300,5.3300,0.00
2024-09-16,5.3800,5.3300,5.00
2024-09-17,5.3800,5.3300,5.00
2024-09-18,5.3300,5.3300,0.00
2024-09-19,4.8200,4.8300,-1.00
2024-09-20,4.8300,4.8300,0.00
2024-09-23,4.8300,4.8300,0.00
2024-09-24,4.8400,4.8300,1.00
2024-09-25,4.8400,4.8300,1.00
2024-09-26,4.8300,4.8300,0.00
2024-09-27,4.8400,4.8300,1.00
2024-09-30,4.9600,4.8300,13.00
2024-10-01,5.0500,4.8300,22.00
2024-10-02,4.9200,4.8300,9.00
2024-10-03,4.8500,4.8300,2.00
2024-10-04,4.8300,4.8300,0.00
2024-10-07,4.8300,4.8300,0.00
2024-10-08,4.8400,4.8300,1.00
2024-10-09,4.8300,4.8300,0.00
2024-10-10,4.8200,4.8300,-1.00
2024-10-11,4.8100,4.8300,-2.00
2024-10-15,4.8600,4.8300,3.00
2024-10-16,4.8600,4.8300,3.00
2024-10-17,4.8500,4.8300,2.00
2024-10-18,4.8400,4.8300,1.00
2024-10-21,4.8200,4.8300,-1.00
2024-10-22,4.8300,4.8300,0.00
2024-10-23,4.8300,4.8300,0.00
2024-10-24,4.8300,4.8300,0.00
2024-10-25,4.8300,4.8300,0.00
2024-10-28,4.8200,4.8300,-1.00
2024-10-29,4.8200,4.8300,-1.00
2024-10-30,4.8100,4.8300,-2.00
2024-10-31,4.9000,4.8300,7.00
2024-11-01,4.8600,4.8300,3.00
2024-11-04,4.8200,4.8300,-1.00
2024-11-05,4.8200,4.8300,-1.00
2024-11-06,4.8100,4.8300,-2.00
2024-11-07,4.8200,4.8300,-1.00
2024-11-08,4.6000,4.5800,2.00
2024-11-12,4.6000,4.5800,2.00
2024-11-13,4.5900,4.5800,1.00
2024-11-14,4.5800,4.5800,0.00
2024-11-15,4.5700,4.5800,-1.00
2024-11-18,4.5700,4.5800,-1.00
2024-11-19,4.5700,4.5800,-1.00
2024-11-20,4.5600,4.5800,-2.00
2024-11-21,4.5700,4.5800,-1.00
2024-11-22,4.5700,4.5800,-1.00
2024-11-25,4.5800,4.5800,0.00
2024-11-26,4.5800,4.5800,0.00
2024-11-27,4.5700,4.5800,-1.00
2024-11-29,4.5900,4.5800,1.00
2024-12-02,4.6400,4.5800,6.00
2024-12-03,4.6400,4.5800,6.00
2024-12-04,4.5900,4.5800,1.00
2024-12-05,4.5900,4.5800,1.00
2024-12-06,4.6000,4.5800,2.00
2024-12-09,4.6300,4.5800,5.00
2024-12-10,4.6400,4.5800,6.00
2024-12-11,4.6200,4.5800,4.00
2024-12-12,4.6200,4.5800,4.00
2024-12-13,4.6000,4.5800,2.00
2024-12-16,4.6500,4.5800,7.00
2024-12-17,4.6200,4.5800,4.00
2024-12-18,4.5700,4.5800,-1.00
2024-12-19,4.3000,4.3300,-3.00
2024-12-20,4.3000,4.3300,-3.00
2024-12-23,4.3100,4.3300,-2.00
2024-12-24,4.4000,4.3300,7.00
2024-12-26,4.5300,4.3300,20.00
2024-12-27,4.4600,4.3300,13.00
2024-12-30,4.3700,4.3300,4.00
2024-12-31,4.4900,4.3300,16.00
2025-01-02,4.4000,4.3300,7.00
2025-01-03,4.3100,4.3300,-2.00
2025-01-06,4.2700,4.3300,-6.00
2025-01-07,4.2700,4.3300,-6.00
2025-01-08,4.2900,4.3300,-4.00
2025-01-09,4.3000,4.3300,-3.00
2025-01-10,4.3000,4.3300,-3.00
2025-01-13,4.2900,4.3300,-4.00
2025-01-14,4.2800,4.3300,-5.00
2025-01-15,4.2800,4.3300,-5.00
2025-01-16,4.2900,4.3300,-4.00
2025-01-17,4.2900,4.3300,-4.00
2025-01-21,4.2900,4.3300,-4.00
2025-01-22,4.3000,4.3300,-3.00
2025-01-23,4.3500,4.3300,2.00
2025-01-24,4.3400,4.3300,1.00
2025-01-27,4.3400,4.3300,1.00
2025-01-28,4.3500,4.3300,2.00
2025-01-29,4.3500,4.3300,2.00
2025-01-30,4.3600,4.3300,3.00
2025-01-31,4.3800,4.3300,5.00
2025-02-03,4.3500,4.3300,2.00
2025-02-04,4.3300,4.3300,0.00
2025-02-05,4.3300,4.3300,0.00
2025-02-06,4.3600,4.3300,3.00
2025-02-07,4.3500,4.3300,2.00
2025-02-10,4.3500,4.3300,2.00
2025-02-11,4.3400,4.3300,1.00
2025-02-12,4.3200,4.3300,-1.00
2025-02-13,4.3300,4.3300,0.00
2025-02-14,4.3300,4.3300,0.00
2025-02-18,4.3700,4.3300,4.00
2025-02-19,4.3500,4.3300,2.00
2025-02-20,4.3300,4.3300,0.00
2025-02-21,4.3400,4.3300,1.00
2025-02-24,4.3400,4.3300,1.00
2025-02-25,4.3300,4.3300,0.00
2025-02-26,4.3300,4.3300,0.00
2025-02-27,4.3600,4.3300,3.00
2025-02-28,4.3900,4.3300,6.00
2025-03-03,4.3300,4.3300,0.00
2025-03-04,4.3300,4.3300,0.00
2025-03-05,4.3400,4.3300,1.00
2025-03-06,4.3500,4.3300,2.00
2025-03-07,4.3400,4.3300,1.00
2025-03-10,4.3300,4.3300,0.00
2025-03-11,4.3200,4.3300,-1.00
2025-03-12,4.3100,4.3300,-2.00
2025-03-13,4.3000,4.3300,-3.00
2025-03-14,4.3000,4.3300,-3.00
2025-03-17,4.3200,4.3300,-1.00
2025-03-18,4.3100,4.3300,-2.00
2025-03-19,4.2900,4.3300,-4.00
2025-03-20,4.2900,4.3300,-4.00
2025-03-21,4.3000,4.3300,-3.00
2025-03-24,4.3100,4.3300,-2.00
2025-03-25,4.3300,4.3300,0.00
2025-03-26,4.3500,4.3300,2.00
2025-03-27,4.3600,4.3300,3.00
2025-03-28,4.3400,4.3300,1.00
2025-03-31,4.4100,4.3300,8.00
2025-04-01,4.3900,4.3300,6.00
2025-04-02,4.3700,4.3300,4.00
2025-04-03,4.3900,4.3300,6.00
2025-04-04,4.3500,4.3300,2.00
2025-04-07,4.3300,4.3300,0.00
2025-04-08,4.4000,4.3300,7.00
2025-04-09,4.4200,4.3300,9.00
2025-04-10,4.3700,4.3300,4.00
2025-04-11,4.3300,4.3300,0.00
2025-04-14,4.3300,4.3300,0.00
2025-04-15,4.3600,4.3300,3.00
2025-04-16,4.3100,4.3300,-2.00
2025-04-17,4.3200,4.3300,-1.00
2025-04-21,4.3200,4.3300,-1.00
2025-04-22,4.3000,4.3300,-3.00
2025-04-23,4.2800,4.3300,-5.00
2025-04-24,4.2900,4.3300,-4.00
2025-04-25,4.3300,4.3300,0.00
2025-04-28,4.3600,4.3300,3.00
2025-04-29,4.3600,4.3300,3.00
2025-04-30,4.4100,4.3300,8.00
2025-05-01,4.3900,4.3300,6.00
2025-05-02,4.3600,4.3300,3.00
2025-05-05,4.3300,4.3300,0.00
2025-05-06,4.3200,4.3300,-1.00
2025-05-07,4.3000,4.3300,-3.00
2025-05-08,4.2900,4.3300,-4.00
2025-05-09,4.2800,4.3300,-5.00
2025-05-12,4.2800,4.3300,-5.00
2025-05-13,4.3000,4.3300,-3.00
2025-05-14,4.2900,4.3300,-4.00
2025-05-15,4.3100,4.3300,-2.00
2025-05-16,4.3000,4.3300,-3.00
2025-05-19,4.2900,4.3300,-4.00
2025-05-20,4.2700,4.3300,-6.00
2025-05-21,4.2600,4.3300,-7.00
2025-05-22,4.2600,4.3300,-7.00
2025-05-23,4.2600,4.3300,-7.00
2025-05-27,4.3100,4.3300,-2.00
2025-05-28,4.3300,4.3300,0.00
2025-05-29,4.3300,4.3300,0.00
2025-05-30,4.3500,4.3300,2.00
2025-06-02,4.3500,4.3300,2.00
2025-06-03,4.3200,4.3300,-1.00
2025-06-04,4.2800,4.3300,-5.00
2025-06-05,4.2900,4.3300,-4.00
2025-06-06,4.2900,4.3300,-4.00
2025-06-09,4.2900,4.3300,-4.00
2025-06-10,4.2800,4.3300,-5.00
2025-06-11,4.2800,4.3300,-5.00
2025-06-12,4.2800,4.3300,-5.00
2025-06-13,4.2800,4.3300,-5.00
2025-06-16,4.3200,4.3300,-1.00
2025-06-17,4.3100,4.3300,-2.00
2025-06-18,4.2800,4.3300,-5.00
2025-06-20,4.2900,4.3300,-4.00
2025-06-23,4.2900,4.3300,-4.00
2025-06-24,4.3000,4.3300,-3.00
2025-06-25,4.3600,4.3300,3.00
2025-06-26,4.4000,4.3300,7.00
2025-06-27,4.3900,4.3300,6.00
2025-06-30,4.4500,4.3300,12.00
2025-07-01,4.4400,4.3300,11.00
2025-07-02,4.4000,4.3300,7.00
2025-07-03,4.3500,4.3300,2.00
2025-07-07,4.3300,4.3300,0.00
2025-07-08,4.3400,4.3300,1.00
2025-07-09,4.3200,4.3300,-1.00
2025-07-10,4.3100,4.3300,-2.00
2025-07-11,4.3100,4.3300,-2.00
2025-07-14,4.3300,4.3300,0.00
2025-07-15,4.3700,4.3300,4.00
2025-07-16,4.3400,4.3300,1.00
2025-07-17,4.3400,4.3300,1.00
2025-07-18,4.3000,4.3300,-3.00
2025-07-21,4.2800,4.3300,-5.00
2025-07-22,4.2800,4.3300,-5.00
2025-07-23,4.2800,4.3300,-5.00
2025-07-24,4.3000,4.3300,-3.00
2025-07-25,4.3600,4.3300,3.00
2025-07-28,4.3600,4.3300,3.00
2025-07-29,4.3600,4.3300,3.00
2025-07-30,4.3200,4.3300,-1.00
2025-07-31,4.3900,4.3300,6.00
2025-08-01,4.3400,4.3300,1.00
2025-08-04,4.3300,4.3300,0.00
2025-08-05,4.3400,4.3300,1.00
2025-08-06,4.3400,4.3300,1.00
2025-08-07,4.3500,4.3300,2.00
2025-08-08,4.3500,4.3300,2.00
2025-08-11,4.3400,4.3300,1.00
2025-08-12,4.3600,4.3300,3.00
2025-08-13,4.3300,4.3300,0.00
2025-08-14,4.3400,4.3300,1.00
2025-08-15,4.3600,4.3300,3.00
2025-08-18,4.3400,4.3300,1.00
2025-08-19,4.3300,4.3300,0.00
2025-08-20,4.3100,4.3300,-2.00
2025-08-21,4.3200,4.3300,-1.00
2025-08-22,4.3600,4.3300,3.00
2025-08-25,4.3700,4.3300,4.00
2025-08-26,4.3800,4.3300,5.00
2025-08-27,4.3600,4.3300,3.00
2025-08-28,4.3400,4.3300,1.00
2025-08-29,4.3400,4.3300,1.00
2025-09-02,4.3900,4.3300,6.00
2025-09-03,4.3900,4.3300,6.00
2025-09-04,4.4100,4.3300,8.00
2025-09-05,4.4200,4.3300,9.00
2025-09-08,4.4000,4.3300,7.00
2025-09-09,4.4000,4.3300,7.00
2025-09-10,4.3900,4.3300,6.00
2025-09-11,4.4100,4.3300,8.00
2025-09-12,4.4200,4.3300,9.00
2025-09-15,4.5100,4.3300,18.00
2025-09-16,4.3900,4.3300,6.00
2025-09-17,4.3800,4.3300,5.00
2025-09-18,4.1400,4.0800,6.00
2025-09-19,4.1400,4.0800,6.00
2025-09-22,4.1400,4.0900,5.00
2025-09-23,4.1200,4.0900,3.00
2025-09-24,4.1300,4.0900,4.00
2025-09-25,4.1800,4.0900,9.00
2025-09-26,4.1600,4.0900,7.00
2025-09-29,4.1300,4.0900,4.00
2025-09-30,4.2400,4.0900,15.00
2025-10-01,4.2000,4.0900,11.00
2025-10-02,4.2000,4.0900,11.00
2025-10-03,4.1800,4.0900,9.00
2025-10-06,4.1500,4.0900,6.00
2025-10-07,4.1400,4.0900,5.00
2025-10-08,4.1200,4.1000,2.00
2025-10-09,4.1300,4.1000,3.00
2025-10-10,4.1500,4.1000,5.00
2025-10-14,4.1900,4.1000,9.00
2025-10-15,4.2900,4.1000,19.00
2025-10-16,4.3000,4.1100,19.00
2025-10-17,4.1800,4.1100,7.00
2025-10-20,4.1600,4.1100,5.00
2025-10-21,4.2300,4.1100,12.00
2025-10-22,4.2100,4.1100,10.00
2025-10-23,4.2400,4.1100,13.00
2025-10-24,4.2400,4.1100,13.00
2025-10-27,4.2700,4.1200,15.00
2025-10-28,4.3100,4.1200,19.00
2025-10-29,4.2700,4.1200,15.00
2025-10-30,4.0400,3.8700,17.00
2025-10-31,4.2200,3.8600,36.00
2025-11-03,4.1300,3.8700,26.00
2025-11-04,4.0000,3.8700,13.00
2025-11-05,3.9100,3.8700,4.00
2025-11-06,3.9200,3.8700,5.00
2025-11-07,3.9300,3.8700,6.00
2025-11-10,3.9500,3.8700,8.00
2025-11-12,3.9800,3.8700,11.00
2025-11-13,4.0000,3.8800,12.00
2025-11-14,3.9500,3.8800,7.00
2025-11-17,4.0000,3.8800,12.00
2025-11-18,3.9400,3.8800,6.00
2025-11-19,3.9100,3.8800,3.00
2025-11-20,3.9100,3.8800,3.00
2025-11-21,3.9300,3.8800,5.00
2025-11-24,3.9600,3.8800,8.00
2025-11-25,4.0100,3.8800,13.00
2025-11-26,4.0500,3.8800,17.00
2025-11-28,4.1200,3.8900,23.00
2025-12-01,4.1200,3.8900,23.00
2025-12-02,4.0100,3.8900,12.00
2025-12-03,3.9500,3.8900,6.00
2025-12-04,3.9200,3.8900,3.00
2025-12-05,3.9300,3.8900,4.00
2025-12-08,3.9500,3.8900,6.00
2025-12-09,3.9300,3.8900,4.00
2025-12-10,3.9000,3.8900,1.00
2025-12-11,3.6600,3.6400,2.00
2025-12-12,3.6700,3.6400,3.00
2025-12-15,3.7500,3.6400,11.00
2025-12-16,3.6900,3.6400,5.00
2025-12-17,3.6900,3.6400,5.00
2025-12-18,3.6600,3.6400,2.00
2025-12-19,3.6600,3.6400,2.00
2025-12-22,3.6800,3.6400,4.00
2025-12-23,3.6600,3.6400,2.00
2025-12-24,3.6600,3.6400,2.00
2025-12-26,3.7600,3.6400,12.00
2025-12-29,3.7700,3.6400,13.00
2025-12-30,3.7100,3.6400,7.00
2025-12-31,3.8700,3.6400,23.00
2026-01-02,3.7500,3.6400,11.00
2026-01-05,3.7000,3.6400,6.00
2026-01-06,3.6600,3.6400,2.00
2026-01-07,3.6500,3.6400,1.00
2026-01-08,3.6400,3.6400,0.00
2026-01-09,3.6400,3.6400,0.00
2026-01-12,3.6400,3.6400,0.00
2026-01-13,3.6500,3.6400,1.00
2026-01-14,3.6400,3.6400,0.00
2026-01-15,3.6600,3.6400,2.00
2026-01-16,3.6500,3.6400,1.00
2026-01-20,3.6400,3.6400,0.00
2026-01-21,3.6300,3.6400,-1.00
2026-01-22,3.6400,3.6400,0.00
2026-01-23,3.6500,3.6400,1.00
2026-01-26,3.6600,3.6400,2.00
2026-01-27,3.6600,3.6400,2.00
2026-01-28,3.6400,3.6400,0.00
2026-01-29,3.6500,3.6400,1.00
2026-01-30,3.6800,3.6400,4.00
2026-02-02,3.6900,3.6400,5.00
2026-02-03,3.6900,3.6400,5.00
2026-02-04,3.6500,3.6400,1.00
2026-02-05,3.6500,3.6400,1.00
2026-02-06,3.6400,3.6400,0.00
2026-02-09,3.6300,3.6400,-1.00
2026-02-10,3.6500,3.6400,1.00
2026-02-11,3.6500,3.6400,1.00
2026-02-12,3.6500,3.6400,1.00
2026-02-13,3.6600,3.6400,2.00
2026-02-17,3.7100,3.6400,7.00
2026-02-18,3.7300,3.6400,9.00
2026-02-19,3.6700,3.6400,3.00
2026-02-20,3.6600,3.6400,2.00
2026-02-23,3.6600,3.6400,2.00
2026-02-24,3.6700,3.6400,3.00
2026-02-25,3.6700,3.6400,3.00
2026-02-26,3.6700,3.6400,3.00
2026-02-27,3.6800,3.6400,4.00
2026-03-02,3.7100,3.6400,7.00
2026-03-03,3.7000,3.6400,6.00
2026-03-04,3.6700,3.6400,3.00
2026-03-05,3.6600,3.6400,2.00
2026-03-06,3.6500,3.6400,1.00
2026-03-09,3.6500,3.6400,1.00
2026-03-10,3.6400,3.6400,0.00
2026-03-11,3.6400,3.6400,0.00
2026-03-12,3.6500,3.6400,1.00
2026-03-13,3.6500,3.6400,1.00
2026-03-16,3.7000,3.6400,6.00
2026-03-17,3.6500,3.6400,1.00
2026-03-18,3.6200,3.6400,-2.00
2026-03-19,3.6200,3.6400,-2.00
2026-03-20,3.6200,3.6400,-2.00
2026-03-23,3.6200,3.6400,-2.00
2026-03-24,3.6300,3.6400,-1.00
2026-03-25,3.6400,3.6400,0.00
2026-03-26,3.6500,3.6400,1.00
2026-03-27,3.6300,3.6400,-1.00
2026-03-30,3.6300,3.6400,-1.00
2026-03-31,3.6800,3.6400,4.00
2026-04-01,3.6500,3.6400,1.00
2026-04-02,3.6600,3.6400,2.00
2026-04-06,3.6500,3.6400,1.00
2026-04-07,3.6200,3.6400,-2.00
2026-04-08,3.5900,3.6400,-5.00
2026-04-09,3.5700,3.6400,-7.00
2026-04-10,3.6100,3.6400,-3.00
2026-04-13,3.6300,3.6400,-1.00
2026-04-14,3.6600,3.6400,2.00
2026-04-15,3.7200,3.6400,8.00
2026-04-16,3.6700,3.6400,3.00
2026-04-17,3.6500,3.6400,1.00
2026-04-20,3.6300,3.6400,-1.00
2026-04-21,3.6300,3.6400,-1.00
2026-04-22,3.6400,3.6400,0.00
2026-04-23,3.6500,3.6400,1.00
2026-04-24,3.6600,3.6400,2.00
2026-04-27,3.6600,3.6400,2.00
2026-04-28,3.6400,3.6400,0.00
2026-04-29,3.6300,3.6400,-1.00
2026-04-30,3.6600,3.6400,2.00
2026-05-01,3.6400,3.6400,0.00
2026-05-04,3.6300,3.6400,-1.00
2026-05-05,3.6200,3.6400,-2.00
2026-05-06,3.6100,3.6400,-3.00
2026-05-07,3.6000,3.6300,-3.00
2026-05-08,3.6000,3.6300,-3.00
2026-05-11,3.6000,3.6300,-3.00
2026-05-12,3.6000,3.6300,-3.00
2026-05-13,3.5900,3.6300,-4.00
2026-05-14,3.5600,3.6300,-7.00
2026-05-15,3.5500,3.6300,-8.00
2026-05-18,3.5300,3.6300,-10.00
2026-05-19,3.5100,3.6200,-11.00
2026-05-20,3.5000,3.6200,-12.00
2026-05-21,3.5100,3.6200,-11.00
2026-05-22,3.5500,3.6200,-7.00
2026-05-26,3.6300,3.6200,1.00
2026-05-27,3.6300,3.6200,1.00
2026-05-28,3.6200,3.6200,0.00
2026-05-29,3.6300,3.6200,1.00
2026-06-01,3.6500,3.6200,3.00
2026-06-02,3.6300,3.6200,1.00
2026-06-03,3.6100,3.6200,-1.00
2026-06-04,3.6200,3.6200,0.00
2026-06-05,3.6300,3.6200,1.00
2026-06-08,3.6300,3.6200,1.00
2026-06-09,3.6000,3.6200,-2.00
2026-06-10,3.5900,3.6200,-3.00
2026-06-11,3.6000,3.6200,-2.00
2026-06-12,3.6500,3.6200,3.00
2026-06-15,3.6900,3.6300,6.00
2026-06-16,3.6300,3.6300,0.00
2026-06-17,3.6300,3.6300,0.00
